"מספר","שם משפחה","שם פרטי","שנת הגעה","סיפור המשפחה","קישור פייסבוק","קובץ תמונה"
"1","אלון","חנוך","1977","","","images/אלון חנוך.jpg"
"2","אליצור","יעל","1975","","","images/אליצור יעל.jpg"
"3","אליצור","מטי ויואל","1976","","","images/אליצור מטי ויואל .jpg"
"4","אלמו","יעקב ונחמה","1985","","","images/אלמו יעקב ונחמה.jpg"
"5","ארז","ניסים ז""ל ואלה","1976","אלה וניסים ארז, רח' דרך ארץ ימיני.
ניסים ואלה נפגשו בצבא, הוא דתי והיא קיבוצניקית מגשר. לדת הגיעה מאוחר יותר בעקבותיו. את החיים בקיבוץ לא אהבה, וניסים היה האביר שגאל אותה משם על סוסו. 
הם התחתנו וגרו בקרית אתא. כשהיו להם 2 ילדים החלו לחפש מקום מתאים לגידול הילדים. כשליווה קבוצה שהגיעה לנטיעות בעפרה פגש את פנחס ואסתרקה ולרשטיין שהיו חברי ילדות, והם שיכנעו אותו לבדוק את המקום.
אורי אליצור ז""ל ש""התיישב"" עליו, סיפר לו על התכנית להקמת תעשיה בעפרה. ניסים נדלק מיד, אבל את אלה היה קשה יותר לשכנע. כשהגיעו לשבת אירוח קיבלו דירה מלאת בוץ ולא ראויה למגורים. כדי שאלה לא תברח, ניכנס לדירה וניקה את הבוץ עד שראו ריצפה. רק שברגע שיצאו החוצה - התמלאו שוב בבוץ...
איכשהו עברה השבת בשלום, ומיד לאחריה העמיסו את הרהיטים ועברו לעפרה עם 2 ילדים והשלישי בדרך.
דירתם המיועדת היתה ה""פ"" של ע.פ.ר.ה.  36 מ""ר. שכניהם היו הורוביץ ובייטנר. את הרהיטים הבינו מיד שלא יצליחו להכניס. בהתחשב בצרכים, הובטח להם שעם לידתו של ילדם השלישי ישודרגו לדירת משפ' אליצור, שישודרגו בעצמם לדירה גדולה יותר.
""שבועיים ואתם שם"" היתה ההבטחה. ביום שניכנסו הכין ניסים שביל גישה מסודר לבית, גינן גינה, ותלה ארונות מטבח. לתוהים מדוע הוא משקיע בבית לשבועיים, ענה - ""אחרינו יגורו אחרים, העבודה לא תהיה לריק"". השבועיים היו לארבעה חודשים, שבסופם שלח ניסים את אלה עם הילדים להוריה בקיבוץ, והחל לשפץ את בית אליצור שפונה. דלת לפה, חלון לשם, את ארונות המטבח צבע, והנה התהוו להם 45 מ""ר מרווחים. בית חלומות (ללא חלונות...). 
עם הגעתם לעפרה יצא ניסים ללמוד את המקצוע החדש - ייצור סולמות. יחד עם יוסי אינדור ונתן ענבי נסעו לפ""ת ולמדו את המקצוע.
ניסים גאה לספר שהיה הראשון שניכנס ל""בית התעשיה"", והאחרון שיצא משם.
היות והיתה החלטה יישובית שאחד מבני המשפחה חייב לעבוד בישוב, רבים מתושבי עפרה עברו במפעל שנקרא ""סולמות בית אל"", כדי ליישם את ההחלטה. 
ההתחלה לא היה פשוטה. לא היה להם ניסיון בניהול או במסחר, והאינפלאציה באותה תקופה דהרה ועשתה שמות. חגי ברוכי ז""ל שהצטרף אליהם הכניס את מימד המסגרות וסייע להם מאוד. הסככה שבנו לעבודה החזיקה מעמד מעל 40 שנה, ופורקה רק לאחרונה.
בעזרתו של שמעון פרס ז""ל עבדו כספקים של משרד הבטחון. כשהגיע האחראי על ההתיישבות במשרד הבטחון לסיור, הצביע חגי קדמון על ניסים שעבד על הסולמות ואמר לו - זהו סרן בצבא. זה הספיק כדי לגרום לו להשאיר כרטיס ביקור ולפתוח את הדלת למשרדו. בתחילה התקשו לעמוד בדרישות משהב""ט, ולא זכו במכרזים. עם קצת לחץ וקשרים הוכנסו למכרז פתוח, והחלו לייצר סולמות, מיטות ""סוכנות"", וכנים להנעת ""הנע סופי של שוט"". לאחר זמן הגיעה הזמנה ממשה""בט לייצור אלפי בסיסי אנטנה. את המכבש לייצור השטאנצים פיתח וייצר בעצמו. נציג הצבא שהגיע כ""כ התרשם, שהשאיר לו את משימת הדבקת מדבקות האיכות המאשרות את טיב המוצר, ודילג על שלב הפיקוח האחרון...
המפעל עבר טלטלות ושינויים, ולאחר הפסקה של כמה שנים בהן עבד במפעל לייצור תפילין, חזר לעפרה ופתח את המסגריה. קילומטרים של גדרות סביב היישובים הוקמו על ידו, כשבמקומות מסויימים דאג להרחיב את שטח הגדר ע""י סיפוח אדמות שידע כי הן אדמות מדינה, מה שעזר אח""כ לספחן לתחום הישוב. 
ב 96 בתקופת האינתיפאדה במהלך נסיעה עם פועלים ברמאללה, נעצר ע""י אנשי המודיעין הפלשתיני. אקדחו הוחרם והוא נלקח לחקירה בבניין השב""כ הפלשתיני. הוא נחקר ארוכות, כשבינתיים בצד הישראלי התפרסמו ידיעות על חטיפתו של מתנחל קצין צה""ל. בזכות תושיה, ידיעת ערבית וקשריו עם אנשים מרמאללה, הצליח לגרום לשיחרורו ע""י מפקד משטרת רמאללה, חפציו ואקדחו הוחזרו, והוא חזר הביתה. 
כיום הוא בונה קראווילות ומשפץ בכל רחבי הארץ. הוא אל""מ במילואים, והיה מפקד עפרה, ומג""ד במילואים שתחת פיקודו שירתו הרבה חבר'ה מבנימין.
""כל מה שעשיתי בחיים היה בזכות אלה, שנתנה לי חופש לעשות דברים שאני אוהב. כל ימי המילואים שהגיעו לפעמים לחצי שנה, ואחזקת העסק, הכל בזכות אלה""...
אלה זוכרת את השנים הראשונות בעפרה כקשות מאוד. תנאי מגורים בלתי אפשריים, חשמל לא סדיר, בקושי היו מים, ומכולת עם מינימום מצרכים. בזכות גנרטור שהביא ניסים מהמפעל היה להם קצת יותר חשמל, אבל החיים היו קשים מאוד. 
היות ועזבה את הקיבוץ ללא מקצוע, והיו לה ילדים קטנים בבית, פתחה משפחתון והחלה לטפל בילדים. זוג הילדים הראשונים בהם טיפלה היו התאומים דוד וישי גרנית. המשפחתון שהיה הראשון בעפרה היה מבוקש מאוד, ונשים היו מתקשרות לספר לה שהן בהיריון, ומבקשות לשמור להן מקום...
למעלה מ 30 שנה טיפלה בילדים בביתם יחד עם הטיפול בילדיה, 11 במספר, עד שהחליטה שמספיק. היא עשתה הסבה מקצועית, למדה מסאג' וטיפול גוף ונפש, וכיום היא מטפלת מוסמכת ומעסה בחדר טיפולים בביתם.
בצעירותה, ניגנה במשך שנים על צ'לו. כשעזבה את הקיבוץ לא אישרו לה לקחת את הצ'לו, ומאז לא ניגנה. לאחרונה חזרה לנגן על הכלי עם הרבה חשש. לאחר מס' שיעורים הצליחה לחזור לעצמה, רכשה צ'לו איכותי, ואת תקופת הקורונה ניצלה לאימונים ולחזור לנגינה ברמה גבוהה. 
תודה לכם אלה וניסים על התרומה רבת השנים לישוב, תודה על שיתוף הפעולה, ובתקווה לארח קונצרט צ'לו בסטודיו בקרוב...
הרבה בריאות ונחת מהשבט הגדול.
#עפרה_על_הספה
אוצרים זכרונות - ברוך גרינברג","https://www.facebook.com/share/p/1PV2c4qjs7/","images/ארז ניסין ז''ל ואלה.jpg"
"6","ארליך","ז'אבו ז''ל ותמר","1976/1977","תמר וז'אבו ארליך, רח' ט' באייר 1.
~
כשהסתיימה מלחמת יו""כ, כשהוא אחרי 4 שנות שירות, ודתי כמעט יחיד בסביבה, החליט ז'אבו למלא מצברים בישיבת הכותל. שם ברובע הרבה להסתובב בשטח בין החופרים והחפירות, הכיר אנשים מעניינים, למד את השטח, ועל הדרך שפשף את הערבית שלמד בזמן המלחמה.  
באחד הימים הגיעה אל הטלפון הציבורי בישיבה שיחת טלפון עבורו. על הקו היתה המזכירה של בי""ס שדה עפרה שהזמינה אותו להגיע להדריך במסגרת ""ירחי כלה"" שאירגן הרב יואל בן נון במסורת ""מטיילים בשטח"" .
זמן מה קודם לכן כשהשתתף בפעילות של ביה""ס, הפגין ידע שהרשים את המדריכים, ושמו נכנס למערכת. 
למזכירה אגב, קראו תמר אריאל. ארליך כיום.
ז'אבו הגיע להדריך, וב 77 עבר לעפרה. במשך 5 שנים הדריך בבי""ס שדה, שם הכירו הוא ותמר.
תמר, בת קיבוץ טירת צבי, הגיעה שנה לפניו לעפרה לשנת שירות שלישית, אחרי שנתיים צבא. היא שימשה כמזכירה בבי""ס שדה.
לאחר שהכירו והחליטו להתחתן, קבעו את יום החתונה לתאריך שהתברר כיום היסטורי - יום חתימת הסכם השלום בין ישראל למצרים.
היתה זו שנת בצורת קשה, אלא שבדיוק באותו יום הגיעה שמועה על גשם שאולי יגיע. 
שתי תכניות מגירה הוכנו לחתונה, תכנית שמש ותכנית גשם. 
בבוקר יום החתונה עוד נכנסה חברה לשאול אם להביא לה מירושלים משהו ללבוש מעל לשמלת הכלה. שיהיה... 
בסופו של דבר, ולמגינת ליבם של האורחים שהגיעו מת""א ומטירת צבי, נערכה החתונה בגשם שוטף והאורחים בוססו בבוץ. לתמר תמונה המנציחה אותה עם שמלת כלה, ובוץ שמגיע עד לברכיה...
לאחר החתונה גרו במבנה קטן שמעל לחומוסיה. כשהתרחבו, עברו ל ""ר"" של ע.פ ר.ה מעל למלח""מ.
תמר למדה גגנות ועבדה כגננת בישוב ואח""כ בדולב. כשהתעורר צורך בחיזוק הישוב החדש עלי, יצאה משפחת ארליך ל""שנת שליחות"" ועברה לחזק את עלי למשך שנה.
הם היו מבין 50 המשפחות הראשונות שבנו את בית הקבע שלהן בעפרה.
""אין יותר עפרה מזה"" אומר ז'אבו. ""רח' ט' באייר 1, הכי טוב שיכולנו לבקש""...
~
ז'אבו למד תואר ראשון ושני בהיסטוריה של עם ישראל ובתלמוד באוניברסיטה, והרבה לימוד עצמי. 
ה""שיגעון"" שלו זה ארץ ישראל ועם ישראל. במסגרת השיגעון הוא מרבה להסתובב בארץ, וביהודה ושומרון בעיקר. חוקר ובודק דרך הרגליים בעיקר מקומות נידחים ופחות קונבנציונלים, סיורים שמסתיימים בד""כ במאמר. 
~
(על עניין ה""לא קונבנציונלי"" אוכל להעיד בעצמי, כשלפני כמה שנים הצליח לרתום אותי למשימה צילומית בחברון.  לא קיבלתי הרבה פרטים לפני היציאה לקרב, מלבד הסבר מעורפל על צילום שצריך להיעשות בפיר חשוך, ללא גישה, ו""מעט בעייתי""... ההתלהבות של ז'אבו וההסברים נשמעו מספיק משכנעים מכדי שאשאר בבית. וכך מצאתי עצמי בשעת לילה מאוחרת, בדרך לחברון, מצוייד במצלמה, בחצובת מצלמה מיוחדת בעדשה רחבה ובתאורה. נכנסנו לקאסבה בחברון, הולבשתי אחר כבוד באפוד מגן, ובתיאום מלא עם מחלקה צבאית שאיבטחה אותנו, נפגשנו עם האימם של אחד המסגדים שהוביל אותנו למסגד שלו. בקיר החיצוני בגובה הרצפה היה פתח קטן וצר. תפקיד המצלמה היה לאשר תיאוריה של ז'אבו שמתחת למסגד קיימת בריכת מים עתיקה, עליה נבנה המסגד. זחלתי פנימה בחושך עד שהרגשתי את קצה הפיר, לאחר מס' נסיונות צילום בחושך נמשכתי החוצה חזרה ע""י החיילים שבחוץ. למרות המרפקים המשופשפים והמדממים שלי, הוכתרה המשימה בהצלחה, והתמונות שנעשו ""על עיוור"" בחושך איששו במדוייק את התאוריה שלו. במקום היתה בריכת מים גדולה, שמדריגות מוליכות אליה, בדיוק לפי האיור שהראה לי לפני המשימה).
~
כדוגמא לסיורים שהוא מקיים כיום, הוא מספר על מפגש שהתקיים זמן קצר קודם, והתחיל סדרת מפגשים עם קבוצה של כ- 25 אנשים מתחומים שונים יחד עם הקצונה הגבוהה בצה""ל. המפגש התקיים ברוקד, נקודה שנמצאת על גבול ישראל-סוריה ברמת הגולן. השתתפו שם אנשים מתחום הארכיאולוגיה, זאולוגיה, היסטוריה, מתחום בעלי החיים הצמחיה ועוד. 
מפגש נוסף התקיים בנהריים במפעל החשמל של רוטנברג. המפגש התקיים באזור הירדני ובשיתוף קצינים מהצבא הירדני והישראלי שקיבלו סקירה על ההיסטוריה של המקום מז'אבו ומאורחת שצרף – שנולדה שם כשאביה עבד במפעל. הירדנים נחשפו לראשונה למשמעות המקום.
~
לפני כ - 20 שנה עשתה תמר הסבה ולמדה גרנטולוגיה, ועברה לעבוד עם קשישים. כיום היא מנהלת את מועדון הזקנים האזורי בפסגות. כן, היא אומרת, זקנים! היא לא מחפשת מילה אחרת... 
זקנים שלמדו חכמה, ומכבדים את תארם שמכבד אותם. 
העבודה איתם ממלאת ומהנאה, והיא החליטה לדחות את היציאה לפנסיה בשנה.
~
6 ילדים לתמר וז'אבו, ואחת שאפילו גרה איתנו בישוב... 
מה הם מאחלים לעצמם? להזדקן בבריאות ושמחה בישוב, להסתגל לשינויים שעוברים עליו, ולהמשיך גם בזקנותם לעלות ולהתפלל - במניין המרכזי כמובן!!!
בריאות לכם משפחת ארליך היקרה, שנמשיך להיות איתכם יחד בבריאות ושמחה עוד שנים ארוכות.
תודה על שיתוף הפעולה, לא היה מובן מאליו... 
#עפרה_על_הספה
אוצרים זכרונות - ברוך גרינברג","https://www.facebook.com/share/p/1Qy7dtD8DY/","images/ארליך ז'אבו ז''ל ותמר.JPG"
"7","ארליך","יעקב וחדוה","1977","חדוה ויעקב ארליך , רח' ט' באייר.
חדוה ויעקב הכירו בסוכת הבסיס בו שירתו בצבא, נפגשו שוב בירושלים כעבור שלוש שנים, ושם הקימו את ביתם.
אחרי מלחמת יום כפור החליטו שהם חייבים לתרום ליישוב יהודה ושומרון והצטרפו לגרעין מעלה אדומים.  לאחר שאורי ז""ל ויעל אליצור, שגרו בשכנותם, עברו לעפרה, וגרעין מעלה אדומים עדיין לא עבר לשלב המעשי, ומכיוון שרעיון ישוב דתי קסם להם יותר, עברו לעפרה בשנת תשל""ז (1977) עם שלושת בניהם, ובעפרה נולד בנם הרביעי.
כשנשאל יעקב בוועדת הקבלה האם הוא מתכונן לעבוד בישוב, ענה בכנות שאינו מבטיח, אך ישתדל.  בפועל, כעבור שנתיים הקים יעקב את משרד המודדים הראשון ביהודה ושומרון, משרד הפועל עד היום...
יעקב דגל כל השנים בהעסקת יהודים, ומרבית העובדים לאורך השנים היו והינם מאנשי הישוב והאזור.  בזמנו, עסק רבות בסימונן של קרקעות כאדמות מדינה, עליהן נבנו ישובים רבים, וכן בהיבט המשפטי שנלווה אליהן. כך הצליח לשלב בין אהבתו למקצועו כמודד ושמאי לבין האידיאולוגיה ואהבת הארץ. 
רמז לחיבור לקרקע ניתן לראות במחרשה שבתמונה, שהובאה מכפר פינס, שם גדל יעקב, וחרשה את רגבי האדמה של משפחתו בדור הקודם.
חדוה, פסיכולוגית קלינית במקצועה, עבדה לאורך השנים באוניברסיטה העברית בירושלים. בתקופת הפיגועים הקשים בימי האינתיפאדה הראשונה, יזמה חדוה התייחסות קהילתית להתמודדות הנפשית של התושבים בתקופה קשה זו - נושא שנמנעו לדבר עליו אז, במקומותינו ...
היא הקימה יחד עם שרה הראל ז""ל ויעל רוטנברג, ובשיתוף עם הישוב, צוות ""רווחה"" כחלק מצוות החירום של הישוב, שביזמתו התקיימו, בין השאר, קבוצות דיון, והובאו מרצים מובחרים בתחום. מיזם זה הווה תשתית להמשך הפעילות ופיתוחה לאורך השנים בעפרה ובמועצה.
חדוה ויעקב אומרים כי עפרה עבורם היא שילוב כל הדברים (כמעט) שרצו: ישוב כפרי -קהילתי-דתי וחברה אידיאולוגית, אמונית, וערכית. (מה עוד ששניים מבניהם גרים בעפרה...)
אמנם הם מציינים בגעגוע את תחושת האינטימיות והלכידות שהיתה בישוב בתחילת דרכו, אבל מאידך,  גאים בהתפתחות הגדולה של הישוב והישגיו.
בריאות רבה  משפחת ארליך, ותודה על שיתוף הפעולה.
אוצרים זכרונות - ברוך גרינברג","https://www.facebook.com/share/p/1Dh2d7GCA6/","images/ארליך יעקב וחדוה.jpg"
"8","בונה","נעמי ז""ל וזבולון","1978","נעמי וזבולון בונה. רח' המטע.
למשפחת בונה אחנו קשורים קשר רגשי עמוק מהבטן, שמתחיל אי שם בשנות ילדותי המופלאות בכרם ביבנה. הקשר היה ועודנו משני כיוונים. האחד - השכנות שהחלה כשגרו בגבעת וושינגטון ואנחנו בישיבת כרם ביבנה, ואח""כ כאן בעפרה, והשני - דרך משפחת אחיה של נעמי, רפי פוזן ז""ל. רפי ז""ל וצפורה תבל""א מחבריהם הקרובים של הורי, קשר חם שנמשך גם לדור הילדים ונשמר כל השנים עד היום. וכך, למרות גילי הרך... זכיתי להכיר עוד את הוריה של נעמי מהתקופה שהיו מגיעים בימים נוראים לישיבת כרם ביבנה, שם התפלל רפי, החזן המיתולוגי של הישיבה לפני התיבה.
זבולון ונעמי גרו בגבעת וושינגטון ועסקו בהוראה. זבולון לימד בנווה הרצוג מדעי הטבע, כימיה וביולוגיה, גיאוגרפיה וחנ""ג, ונעמי היתה מורה לפסיכולוגיה, ספרות, ספרות ילדים ומוזיקה. 
במשך כל השנים השקיע זבולון בתחביבים רבים לצד עבודת ההוראה, וברבות הימים גם הפך חלק מהם למקצוע. הוא צילם, פיתח, הדריך של""ח, קלע למטרה,  טיפס בסנפלינג ולמד לבנות ולהשיט סירות. 
כשהחליטו לעזוב את הגבעה עלה זבולון על הווספה עם הסירה, ויחד עם מירי הי""ד בתם, יצאו לחפש מקום. לאחר שראו כמה מקומות, מצאה עפרה חן בעיניהם, ובשנת 78, לאחר שבוע ניסיון בו עבד זבולון במסגריה של ניסים ארז בימים, ובשמירה בלילות, הוחלט כי הם ראויים להתקבל לישוב, והם עברו לעפרה. 
בשלב הראשון עבד זבולון במסגריה, ונעמי המשיכה ללמד בגבעת וושינגטון. אלא שלזבולון היה קשה עם העבודה במקום אחד, והוא חיפש לגוון, והחל ליצור שיתופי פעולה עם בעלי מקצוע נוספים. 
עם איציק כהן ז""ל עשה תריסים, צבע עם משה שניידר, ובנה פרויקט בבית אל שלימד אותו שכדאי לו לעבוד בקטן. וכך החל לפתח את אחד התחביבים שלו לכדי מקצוע. שיפוצים בשילוב סנפלינג, מקצוע בו הוא עוסק גם בימים אלו.
עם השנים לימדה נעמי בבית אל ובעפרה בחט""ב. לימודי הספרות והמוזיקה שלה היו לשם דבר, והיא העמידה דורות של  תלמידים ותלמידות. לא אחת הגיעו אליה תלמידות והראו לה את מחברותיהן של אימותיהן שגם הן למדו אצלה. היא לימדה שירים, מחזות וספרות בבנים, וארגנה תחרויות בלאדות פרי יצירתם, ותחרויות מוסיקה אצל הבנות, פעילות מושקעת שזוכרים לה גם אחרי שנים רבות. 
בחשון תשס""א נרצחה מירי הי""ד בפיגוע בכפר דרום. זמן קצר לאחר הרצח החליטה נעמי לנסוע לכפר דרום בגוש קטיף, וללמד את כיתתה של מירי פעם בשבוע. תושבי כפר דרום העמידו לרשותה הסעה מקיבוץ סעד כל שבוע. במסגרת הלימודים ארגנה פסטיבלי שירה ומחזות, אותם הביאה אח""כ גם לבנות בית הספר בעפרה.
סיפורים רבים מסתובבים על הרפתקאות זבולון בעפרה וסביבותיה... כולל פניית אזהרה מהשב""כ, על התארגנות של ערביי הסביבה להתנכל לו במהלך ריצותיו במרחבי האזור. (לסקרנים מוצע לתפוס את זבולון לשיחה מרתקת). 
זכויות רבות נזקפות לזכות משפחת בונה בעפרה. 
שיעורי פרשת השבוע בלילות שבת שהביאו איתם מגבעת וושינגטון, שיעור שקיים עד היום והיווה פתח לרבים שמתקיימים בעקבותיו, מקהלות המבוגרים וערבי שירה שארגנה והשתתפה נעמי, וכמובן מעורבותה של מיכל פינקל בתם ובני משפחתה, שינקו את ערכי ההתנדבות והתרומה מהבית, וחותמם מורגש בכל פינה בישוב. 
תודה משפחת בונה, על החברות רבת השנים, המשיכו להיות צעירים ברוחכם.
יהי רצון שתזכו להרבה בריאות ושמחה להמשכת הלימוד, העבודה, ומאור הפנים, וליהנות מהשבט הגדול והרחב.
אוצרים זכרונות - ברוך גרינברג","https://www.facebook.com/share/p/1SyEHJfcDG/","images/בונה נעמי ז''ל וזבולון.jpg"
"9","בן דנון","צופיה ויעקב","2008","צופיה ויעקב בן דנון. רחוב מקימי הגדר.
צופיה ויעקב עלו מצרפת בשנת 2008 ומאז מתגוררים בעפרה.
יעקב נולד באוג'דה שבמרוקו, וגדל בטולוז, עיר הרוגבי ובל קנטו Bel Canto, ומשם עבר לפריז.
את שירותו הצבאי עשה בחיל-הים הצרפתי.
הוא למד ספרות ורוקחות, ועבד כרוקח כמעט 30 שנה.
במקביל פנה לקריירה אמנותית. 
הוא כתב שירים וביצע אותם על במות רבות, שיתף פעולה בכמה עיתונים וכתבי עת כעיתונאי, וכתב ספרים רבים. הוא גם צייר והציג כמה תערוכות בצרפת, בישראל ואפילו בעפרה.
צופיה נולדה בפריז. 
לאחר לימודי משפטים, החליטה להגיע לישראל, ושהתה פה שנתיים. לאחר מכן חזרה לצרפת מסיבות משפחתיות, אך מתוך רצון לחזור לארץ ישראל.
ב 1982 הכירה את יעקב, הם התחתנו ונולדו להם שלושה ילדים, רפאל, עמנואל ועליזה. רפאל היה הראשון שעלה ארצה, ואחריו כעבור זמן מה כל המשפחה, הרבה הודות ארגון ""קבוצת עליה"" « Alyah de Groupe », בראשותו של שלום ואך היקר, שמשימתו הקדושה היא להקים משפחות בישראל.
יעקב וצופיה שמחים לחיות בעפרה במקום המתאים להם, בהתאם למחשבותיהם ולתקוותיהם.
אכן, ""אין אידיאל ללא תקווה, ובכל יום אנו מבקשים לשכנע את עצמנו שהטוב ביותר עומד לבוא, בשבילנו, משפחתנו, חברינו ועם ישראל כולו""  
תודה משפ' בן דנון על שיתוף הפעולה, ותודה על היותכם חלק מקהילת עפרה.
אוצרים זכרונות - ברוך גרינברג","https://www.facebook.com/share/p/1DLMnvv8aE/","images/בן דנון צופיה ויעקב.jpg"
"10","בן מאיר","רבקה ומשולם","1985","רבקה ומשולם בן מאיר.
רח' מקימי הגדר, עפרה.
חלק א'.
כחלק מחגיגות יום ההולדת של רבקה, הגיעו הזוג בן מאיר לקפה על הספה בסטודיו. 
ישבנו על קפה, פטפטנו, וקיבלתי עוד שיעור בהיסטוריה של עפרה, ושיעור בגבורה הפרטית שלהם.
רבקה ילידת קנדה ומשולם יליד ארה""ב. לארץ הגיעו בקיץ 84 כזוג צעיר עם ילד, ושוכנו במרכז הקליטה שהיה בכפר אדומים. לאחר שנה נאלצו לעזוב לאחר שקבלן בתי הקבע פשט רגל, ונוצרה מצוקת דיור. הם החלו לחפש מקום חליפי, והגיעו לנוקדים. נוקדים היה אז חור באמצע המדבר, והם החלו תהליך קבלה למקום. 
למשולם זה נראה היה כמו חגיגה. ציונות כמו שרצה, בדיוק המקום שחיפש. לרבקה קצת פחות... המקום היה שקט מדי, אפילו מכולת לא היתה, ובאופן כללי – היא השתעממה שם, והיה לה קשה.
באותו זמן הזמינו אותם חברים – עליזה וגרשון הרבסט – לשבת לעפרה. כשהגיעו, ראתה רבקה בתים אמיתיים, ולא קרוואנים, והתלהבה. משולם הכיר את עפרה עוד מהתקופה שהתנדב כנער צעיר בימי הקמת הישוב, כך שכשרבקה הביעה את הסכמתה לגור בכזה מקום, הוא היה בשמים. הם הרגישו מיד שהגיעו למקום שלהם. עליזה ששמעה על חוויותיהם מכפר אדומים, עזרה להם להיקלט בעפרה בהליך מזורז. הם התקבלו, ונכנסו לגור באשקובית קטנה ליד סבתא מינה, צמוד לבית הכנסת הישן של הישוב. מרוב ציוד שהביאו איתם מארה''ב, היתה להם האשקובית צפופה, ודי מהר מאוד עברו לבית משלהם. הציוד הכבד שלהם עבר דירה בעזרת רפי קדמון שיחד עם חברים הכניסו הכל לבית החדש, לפני שיגיעו הגשמים. והגשמים הגיעו...
כבישים לא היו באותה תקופה, ומה שהם זוכרים בעיקר היה הבוץ. בוץ ובוץ ובוץ...
משולם מספר שכשהיה מגיע הביתה היה גבוה ב 15 ס""מ מגובהו האמיתי בגלל הבוץ בנעליו. הבית אגב, היה קפוא, ובלי חימום, אבל הם ראו הכל כחלק מחוויית יישוב הארץ.
למשולם היה חלום לגור ליד יער, והוא שתל כ - 100 עצים מאחורי הבית והגשים את החלום. לצערו, נעקרו העצים מאוחר יותר כשבנו את השכונה החדשה לידם. זמן רב היה הבית ששלם בשורה האחרונה שפונה לכיוון עין יאברוד. את המואזין באינתפאדה שמעו היטב, ממש כאילו ישב בסלון ביתם, 
ואת ההתקלות הקשה של צוות דוכיפת בעין יברוד בה נרצחו 3 חיילים, הם שמעו בזמן אמת. היריות נשמעו היטב בביתם.
כשהיה בכפר אדומים לימד משולם חוג ג'יאוג'יטסו שהתפתח גם למצפה יריחו ולנווה צוף, וכשהגיעו לעפרה פתח גם בישוב. 
במשך כל השנים גידלה רבקה את הילדים ונשארה בבית. כשגדלו הילדים החלה לעבוד בחוץ. בתחילה עבדה במטעים של יצחק נוביק, אבל אחרי שחתכה עצמה בטעות, החליטה שזה לא בשבילה, ועברה לעבוד במעון ובגנים כסייעת 
---
חלק ב'. הפציעה. 
בשנת 88 נפצע קשה דב קלמנוביץ' ברמאללה מבקט""ב שנזרק עליו. היו אלה ימיה הראשונים של האינתיפאדה הראשונה. משולם שמע שדב נפצע קשה מאוד, ולקח את זה קשה, היות ודב היה תלמיד שלו. 
באותו שבוע חל ט""ו בשבט, ביום חמישי, ומשולם יצא עם אחותו ובעלה לטיול בישובי בנימין והשומרון. הם ביקרו בבית אל, שילה, ומעלה לבונה שעוד לא היתה יישוב. במקום היה בית קטן של ערבי שסחר בכל מיני דברים, ומשולם שהכיר אותו, היה מגיע אליו עם תיירים לביקור. 
רבקה שנשארה בבית עם הילדים ביקשה ממשולם שיחזור הביתה עד 16:00, היות והיתה צריכה לצאת. כשחזרו, עברו בכבישים המשקיפים אל הבקעה. הראות היתה נהדרת, ומשולם רצה להראות לאחותו וגיסו את הנוף הנהדר שנשקף מלמעלה. בשלב מסויים גילה שהשעה מאוחרת, והבין שהוא מאחר לחזור, והחליט לקצר דרך הר בעל חצור וטייבה, כמו שכבר עשה בעבר.
בד""כ כשהיה נכנס לכפר היו הסימטאות מלאות בהמון אדם, והילדים היו רצים אחריו ומבקשים בקשיש. 
הפעם, משום מה היו הסימטאות ריקות, והרחובות שוממים. זה היה מוזר, אבל הוא לא ייחס לכך חשיבות. בשלב מסויים ראה פלאח זקן שהלך ברחוב. הוא עצר ושאל לשלומו, הזקן ענה שהכל בסדר, והם המשיכו לנסוע. מיד אחרי המפגש היה עיקול דרך, וכשעברו אותו נתקלו במחסום אבנים וזכוכיות על הכביש, וחוטי תיל עליהם. ברגע שעצרו, הגיח המון אדם מאחוריהם, וחסם אותם גם מאחור. מסביב החלו שריקות חזקות, ומהבתים החלו לצאת אנשים ולידות בהם אבנים מכל הכיוונים.
משולם החליט לצאת מהרכב ולפנות את המחסום. הוא יצא עם גיסו, אלא שברגע שהתכופף למחסום, נזרק עליו סלע מהבית שמעליהם. משולם הרגיש כאב נוראי כמו שלא הרגיש בחייו, הוא נפל על המחסום לתוך סבך התיל ואיבד את ההכרה. גיסו, היה בטוח שמשולם נהרג, היות וראה את הראש הפתוח, אבל בגבורה רבה משך אותו מהמחסום והצליח לדחוף אותו לתוך הרכב, שם ישבה אחותו. ברגע שזרק לרכב פנימה גם את רובה העוזי של משולם, ניצלו הפורעים את הרגע והסתערו עליהם. ברגע של הברקה, הוא שלף מהכיס את הפספורט האמריקאי שלו, נפנף בו והחל לצעוק באנגלית שהוא אזרח אמריקאי. הפורעים נעצרו, ורעול הפנים שהנהיג אתם ניסה לדבר איתו, אבל הגיס דיבר רק אנגלית. הערבי הוציא את הנשק מהרכב, ושאל למה יש לו נשק אם הוא אמריקאי? הגיס הסביר שמשולם הוא מורה דרך, והנשק שלו, וכעת ממילא הרגו אותו, אז שיעזבו אותם בשקט.
בשלב הזה נכנס הגיס למושב הנהג, אחותו של משולם ישבה מאחור, משולם שוכב עליה מחוסר הכרה ושותת דם, וחבורת ערבים רעולי פנים דוחפת את הרכב עם השלושה לכיוון הבסיס בהר בעל חצור. 
כשהתקרבו לבסיס, לא רצו החיילים להכניס אותם. הם ראו שלושים רעולי פנים דוחפים רכב, וחששו שמדובר ברכב ממולכד. רק כשיצאה אחותו, כולה מגואלת בדמו של משולם, והחלה לצעוק לעברם באנגלית, הכניסו אותם פנימה. בשלב זה גם התעורר משולם. חובש שהוזעק לשם קבע שאין מה לעשות איתו, והוא חייב פינוי מהיר להדסה . מהנסיעה זוכר משולם שהוא רעד מקור, הוא הרגיש שהוא עומד למות, ורק רצה לישון. הפארמדיקים אמרו לאחותו לא לתת לו לישון, אחרת ימות, והיא התחננה שישאר ער. משולם ענה לה – בסדר, אבל בואי נדבר על זה אחרי שאנוח קצת... אלא שאז גם קיבל דום לב. הוא עבר החייאה, ומהדסה הר הצופים שלחו אותו מיד לטיפול נמרץ בעין כרם, שם נותח במשך שעות. שבוע שלם היה בקומה. יש דברים שהוא זוכר במעורפל מהשבוע הזה, ורבקה אישרה אח""כ שאכן קרו סביבו, אבל הוא לא היה בהכרה.
בכל זמן האירוע והפינוי, היתה רבקה בבית. מגיסה הבינה שמשהו קרה, אבל הוא ניסה להרגיע אותה שזה לא רציני. אחרי זמן קצר קיבלה שיחת טלפון בה נתבקשה לחתום על ניתוח. כעת כבר נלחצה מאוד. הם היו אז טריים בארץ לא היו להם חברים רבים. משולם היה רגיל להסתובב בכפרים, והיו לו הרבה מכרים ערבים, כך שכל הסיפור תפס אותו בהפתעה גדולה.
כשהתעורר משולם אחרי שבוע, ראה את הרב מרדכי אליהו זצ""ל ליד מיטתו. הוא היה בטוח שהוא מת, ונמצא בעולם הבא, ומולו עומד מלאך בבגדי הראשון לציון. הוא זוכר שהיה משועשע, וחשב שאם יחזור לאדמה יספר לכולם שהמלאכים לבושים בבגדי הראשון לציון...
עברו 36 שנה, את הפציעה הוא מרגיש היטב. לפני שנתיים החלו לחזור אליו פתאום דברים מהפציעה, כך שהוא מתמודד איתה ממש יום יום. 
כל השנים היה עובד סוציאלי קליני ועבד בתחנת בריאות הנפש. בתקופה האחרונה הוא בחופשה ומתחיל הליך של יציאה לפנסיה. 
בחודשים האחרונים התנדב משולם ועמד שעות רבות בכניסה לישוב בשמירה. כך הוא מרגיש שהוא מחזיר מעט מהחוב שהוא מרגיש כלפי הישוב
מה זה עפרה עבורם? 
עפרה היא בית, משפחה.
יש להם 6 ילדים, 5 נשואים, 3 מהם, נאווה אלדד ומאיה גרים בעפרה. שרה בג.זאב, ושיריה מתגוררת בהרצליה. 
בנם הבכור גר בארה""ב. בקיץ ימלאו לו 40, ולהם 40 לישיבתם בעפרה.
מזל טוב רבקה  ליום ההולדת, שתרוו נחת מהילדים, והעיקר – בריאות טובה לשניכם.
אוצרים זכרונות - ברוך גרינברג 
.","https://www.facebook.com/share/p/151HB6X8hAb/ https://www.facebook.com/share/p/1DFkLFE1wo/","images/בן מאיר רבקה ומשולם.jpg"
"11","בן מוחה","אסתר ומשה","2008","","","images/בן מוחה אסתר ומשה.jpg"
"12","ברוכי","שושנה","1975/77","שושנה וחגי ברוכי, רח' הסלע, ממקימי עפרה.
עפרה הוקמה ב 1975, תשל""ה. עם עליית הישוב לקרקע התייצב חגי ברוכי ז""ל לקבוצת המקימים. משפחת ברוכי התגוררה במרכז שפירא באותה התקופה. היות ולזוג היו 8 ילדים בלע""הר, לא נמצא להם מקום מגורים מספיק גדול שיכול להכיל את כולם. בקבוצת המקימים היו רווקים ומעט זוגות צעירים, אבל משפחה שכזאת,] קצת גדול עליהם... חגי לא ויתר. במשך שנתיים חלק בשיטת ""המיטה החמה"" את אותה המיטה יחד עם עמוס פרומקין שלמד בטכניון באותה תקופה. חגי היה מגיע בימי השבוע לעבוד ולעזור, ומפנה לעמוס את המיטה שהיתה באגף הרווקים בבית השייח בסופי השבוע, וחוזר למשפחה לשבתות.
יחד עם ניסים ארז הקימו את המסגריה, וכך עם הזמן זכו תושבי הישוב הצעיר לחלונות בביתם הפרוץ.
לאחר שנתיים כשנבנו המבנים הטרומים הראשונים, הגיעה כל המשפחה והתמקמה בעפרה. שושנה ידועה כספרנית המיתולוגית בישוב ובאולפנא במשך שנים ארוכות, בעזרת היידע הרב הכללי שלה סייעה לרבות מבנות האולפנא בעבודות ובעצות ""על הדרך"".
מה הביא אותם לעפרה? חלוציות. כמו שקרא חגי לספר שהוציא ""חוליה בשלשלת"". חגי הרגיש חלק משרשרת שהתחילה בדורות שלפניו. כשהוקמה עפרה קיבל החלטה להמשיך את השרשרת ולעשות מעשה חלוצי משל עצמו, וכך הגיעו לעפרה.
שושנה וחגי השרישו שורשים בעפרה וזכו לדור רביעי בישוב. כשכנים ברחוב, הדאגה והקרבה שלהם לילדיהם שהתגוררו בעפרה גרמה לנו להתרגש כל פעם מחדש. שנים שזכינו לראות את הזוג נהדר הזה חולף על פנינו יד ביד בדרך לסיבוב היומי, תמיד מחוייך ומאיר פנים.  
בשנה האחרונה, נפטר חגי בפתאומיות והותיר חלל גדול ברחוב. כשקבעתי עם שושנה זמן לצילום הרגשתי שאני חייב להכניס גם את חגי לתמונה.
תודה שושנה על שיתוף הפעולה, תודה על הלימוד שאת מלמדת אותנו בעזרת החיוכים הרחבים והחיוניות שלך ברחוב.
בע""ה לעוד הרבה שנים בבריאות!
אוצרים זכרונות - ברוך גרינברג","https://www.facebook.com/share/p/1GbYzmvUib/","images/ברוכי שושנה.jpg"
"13","ברמן","סילביה","1975","","https://www.facebook.com/share/r/1FP26hip13/","images/ברמן סילביה.jpg"
"14","גיסר","הרב אבי ויפה","1980","","","images/גיסר הרב אבי ויפה.jpg"
"15","גרנית","נעמה ומנחם","1975","נעמה ומנחם גרנית. רח' ט' באייר.
משפ' גרנית מתיישבת אצלי על החלק הרגשי, ""של פעם"". 
הוריו של מנחם, חביבה ואברהם גרינבלט ז""ל גרו בבית הקרוב לבית סבא וסבתא שלי בכפר הרא""ה. כילד, כיאה לנכד בכור וגאה לסבא וסבתא, אהבתי את השכונה ואת אנשיה וביליתי שם כל אימת שיכולתי. אנשי הכפר הרעיפו עלי אהבה ותשומת לב שרק הגבירה את החשק להגיע שוב ושוב. הקשר בין סבא וסבתא צוקרמן למשפחת גרינבלט היה מיוחד. ""בוּרֶכוּל"" היה קורא לי אברהם, ומנסה לשכנע אותי לשיר לו את ה""אנעים זמירות"" שהבאתי איתי לכפר מכרם ביבנה. 
והיה למשפ' גרינבלט עוד משהו שתרם לביקורי התכופים בשכונה. היתה להם טלוויזיה, אותו מכשיר שנעדר מסביבת ילדותי הקרובה. בסלון ביתם ראיתי את אסתר רוט שחמורוב בגמר ריצת ה-100 מ' באולימפיאדת מונטריאול ב 1976. עד היום מייסרני מצפוני על השעות הקדושות של השלאף שטונדה (שנ""צ בלע""ז) שרמסתי ברגל גסה, תוך כדי ניצול ליבם הטוב.
כך שלהיות שכן, של שכן של סבא וסבתא, היתה עבורי משמעות רגשית עמוקה. 
נעמה ומנחם הגיעו לעפרה שבועות ספורים לאחר הקמתה, בערב חג השבועות תשל""ה, 1975. עוד קודם לכן היו בגרעין שילה והשתתפו במבצעי ההתנחלויות שלא צלחו. משהוקמה עפרה הגיע אליהם צבי בייטנר ז""ל ו""הזהיר"" אותם שהלך הרוח בישוב החדש יחייב עבודה בישוב. למחרת ארזו מנחם ונעמה את עצמם והגיעו לעפרה להתיישב ולקבוע עובדה בשטח. יחד עם משפ' בייטנר חלקו 2 חדרים בבית השייח, בור ספיגה כשירותים בחוץ, וחלונות מכוסים בניילון. את עפרה הכיר מנחם היטב היות וחרש ברגליו את האזור יחד עם עמוס פרומקין, במסגרת בי""ס שדה שפעל עוד לפני העליה לעפרה. הם היו מהמשפחות הראשונות שגרו בישוב, והדס בתם הבכורה שנולדה בשמחת תורה תשל""ו, היתה הבת הבכורה שנולדה בישוב.
לאחר הלידה עברו ל-""ר"" של בתי ע.פ.ר.ה. וזכו לדירה מרווחת יותר של 37 מ""ר. כשהיו להם 3 ילדים עברו לבית ב""דיור לעולה"" שהיה קיים מול הפיצריה, בשטח עליו עומד כיום בית משפ' ברוט/דלפן. בשנת 77 הקים מנחם יחד עם קובי הורוביץ ושמואל אופן את חברת המחשבים שלהם שפעלה במבנה ""עוד ינובון"". 
ב - 82 ירדו לחבל ימית בסיני, וכשחזרו לאחר הנסיגה, נכנסו לביתם בשכונה החדשה, שם הם גרים עד היום.
משפ' גרנית היו ועודם מעורים בענייני הישוב. אחד המהלכים שיזמו משה מרחביה ומנחם שהצטרף אליו, שינה למעשה את פני הישוב. 
כהמשך לרצון לראות את הישוב גדל כישוב עצמאי העומד בפני עצמו ולא תלוי בחסדי אחרים, הצליחו להכליל את עפרה תחת המושג ""בתי אגודה"", מושג שהיה קיים עד אז רק בקיבוצים.
הרעיון היה שהישוב בעצמו יבנה את בתיו כישוב, והוא יהיה האחראי לשיווקם ולמכירתם. המהלך עזר לעפרה לשמור על הצביון הצנוע והאחיד של הבניה מחד, ולבסס את הישוב כלכלית מאידך. חלק גדול מבתי הישוב והמבנים הציבוריים נבנו בזכות המהלך הזה. ""קרן הבתים"" נוהלה כל השנים ע""י משה מרחביה, מנחם וחיים רוזן, ופעלה לצד הישוב. בנוסף לקרן היה מנחם במשך שנים רבות יו""ר וחבר מזכירות עפרה.
נעמה ניהלה את המעונות בישובי המועצה, מערך שהקימה יחד עם דובי דינר . מאוחר יותר למדה ""אחיות"", ועבדה בתחום עד פרישתה לגמלאות.
בשנת 1999, ז' באדר תשנ""ט, נהרג בנם סגן דוד גרנית ז""ל בהתקלות של כח סיירת צנחנים במארב חיזבאללה בלבנון. דוד נטל את הפיקוד על הכח לאחר שמפקד הכח וקצין ההנדסה נהרגו במכת האש הראשונה, וניהל קרב הרואי עד שנהרג תוך נסיון חילוץ מפקדו. על פעולה זו ועל אומץ לבו קיבל לאחר מותו את צל""ש אלוף הפיקוד.
על שמו של דוד ז""ל נקראת שכונת ""נווה דוד"" בישוב, וביהכ""נ הספרדי ""מזמור לדוד"". 
ושוב בנימה אישית על הקשר המשפחתי - מס' שנים אח""כ נעשה סרט לזכרו של דוד. אחד המרואיינים בסרט היה סבי ז""ל שרואיין כשכן, וכראש הישיבה בה למדו התאומים, דוד וישי. סבא הרב אברהם צוקרמן ז""ל היה ידוע כאדם מאופק מאוד שלא נותן לרגשות לשלוט בו. כמדומני שהיתה זו הפעם הראשונה ואולי גם היחידה שראינו אותו נחנק מבכי תוך כדי הדיבור על דוד ז""ל.
תודה לכם משפחת גרנית על הטבעת החותם ועל התרומה הגדולה להתפתחות הישוב, מראשיתו ועד היום.
תודה על שיתוף הפעולה, והמשך עשייה בבריאות טובה.
אוצרים זכרונות - ברוך גרינברג","https://www.facebook.com/share/p/1EybyRtWvj/","images/גרנית נעמה ומנחם.jpg"
"16","דינר","רוחי ודני","1979","רוחי ודני דינר.
בשנת 78 נקרא דני לשירות מילואים. כשניתנה לו אפשרות הבחירה בין עין יהב לבית אל, בחר בבית אל, היות ויהודה אחיו התגורר בעפרה הסמוכה. 
באחד מהערבים שהגיע לביקור בעפרה, ניגש אליו חנוך אלון שהיה אז מזכיר הישוב, ושאל האם ירצה לעבור להתגורר בעפרה? הוא השיב בחיוב, רק שהתנה זאת בהסכמתו של יהודה, אחיו הגדול. או אז התברר לו שהיוזמה להצעת המגורים בעפרה היתה של יהודה...
דני התגורר באותו זמן בחדרה. 
למחרת יום הכיפורים תשל""ט, הזמין הובלה לעפרה. לאחר שוידא עם המוביל שהוא יודע מה היעד, העמיסו את החפצים ויצאו לדרך.
כשהתקרבו, החל המוביל להפנים לאן פניו מועדות, וכשהגיעו לבית חורון עצר את המשאית וביקש תוספת מחיר. כשהחל לפרוק את החפצים, לא נותרה לדני ברירה, והוא נאלץ להסכים לדרישה, והבטיח שכשיגיעו לעפרה ידאג לתוספת התשלום. כשהגיעו לעפרה כבר החשיך היום, ודני החל להסתובב בין החברים ואסף כסף למוביל. לאחר שקיבל את הסכום שדרש קלט פתאום הנהג שעליו לחזור דרך רמאללה והכפרים לביתו, וביקש ליווי. דני הסכים בשמחה, כמובן בתמורה לתשלום סמלי... וכך לאחר כמה דק' נסיעה קיבל חזרה את הסכום ממנו נפרד בעפרה...
בתחילת קיץ תשל""ט התקיימה בקדומים,  שבת לפנויים ופנויות.
לשבת נרשמה גם קבוצת פ""ופ מעפרה. דני שהיה בעליו של אחד מכלי הרכב הבודדים בישוב, ופנוי אף הוא, חשב בתחילה להשתתף בשבת אבל התחרט.
בעקבות לחץ כבד של כמה מהחברים שבנו על הטרמפ הנוח, נעתר לבסוף, והחבר'ה נסעו לשבת לקדומים. 
באותה שבת השתתפה גם רוחי שהתגוררה בקדומים, ונכנעה לשיכנועיה של רחל גביש הי""ד, חברתה הקרובה להצטרף למפגש.
כמה חודשים אח""כ, באלול של אותה שנה נישאו רוחי ודני ונכנסו לביתם באשקובית שליד בית השייח.  
מרגע הגעתו לעפרה החל דני לעבוד בבית הדפוס של דויד קאפח, שם עבד במשך 12 שנה.
שנים אח""כ, כשהוקם איגוד כבאות יו""ש והיה בחיתוליו, שמעה רוחי מחברה לעבודה שמחפשים עובדים, והציעה לדני לבחון אפשרות לעבוד שם. ואכן, דני הצטרף לכיבוי והיה לעובד התשיעי באיגוד.  25 שנה עבד באיגוד, עד לפרישתו.
רוחי עבדה כמזכירה של יוסקה מנור ואהרן חלמיש, שהיו מזכירי הישוב. כשפתח יוסקה את ""שומרון, שירותי הנדסה"", עברה רוחי לעבוד אצלו למשך כ-20 שנה. במקביל התחילה לעבוד עם פרופ' (אז ד""ר) שמחה יגל, איתו היא עובדת זה העשור השלישי. 
כמה שנים לאחר נישואיהם, כשהגיעו לישוב פולין ומשולם מוסקוביץ'/בן מאיר, אימצו אותם רוחי ודני כמשפחה ותיקה. באחד הלילות נכנס לביתם רפי קדמון, וסיפר שבסילוואד הסמוכה היה פיגוע, ומשולם בן מאיר נפצע קשה בראשו. דני נשאר עם הילדים בבית, ורוחי מיהרה לבית החולים להיות ליד פולין ומשולם. בעוד משולם נאבק על חייו, זרמו כל הלילה טלפונים מקרובים מודאגים בארה""ב לביתם בעפרה. את הלילה ההוא הם זוכרים כלילה קשה במיוחד, בו חוו לראשונה מקרוב ממש מהי האינתיפאדה. 
הרבה זכרונות טובים יש להם מעפרה. 
אחד הזכרונות הצרובים בהם היא אסיפת החברים שהתקיימה כשהחלה העליה מאתיופיה. באסיפה עלה נושא אולפן העולים לדיון, וההצעה לקיימו התקבלה פה אחד. רוחי זוכרת שתחושתה היתה שימות המשיח הגיעו. בסיום אותה אסיפה, בתחושה של התרוממות רוח וע""פ הצעתו של ישראל הראל, נעמדו כל החברים הנרגשים, וחתמו את הערב בשירת ""אני מאמין"".
עוד זיכרון שמהדהד בראשם, קשור לאסיפה בה דובר על הרחבת עפרה. כבר אז היה דני בדעה כי עפרה צריכה להיבנות לגובה.
הם זוכרים שבאותה אסיפה קם ר' יואל אליצור וציין כי על התושבים לדעת, שהדרך היחידה לשמור על צביון הישוב היא רק כאשר הוא קטן. ועליהם להפנים כי ברגע שיגדל ויתרחב, יהיה קשה עד בלתי אפשרי להמשיך ולשמור על הצביון הקיים.
רוחי ודני אוהבים את עפרה ושמחים בהתפתחותה. תקוותם שהישוב ישכיל לשמור על הקהילתיות שלו.
גאוותם הגדולה ותחושת הסיפוק שלהם נובעת מכך שבעפרה גר היום כבר דור שלישי למשפחתם. 
כן ירבו, בבריאות ושמחה לאורך שנים טובות.
ותודה לכם על שיתוף הפעולה.
אוצרים זכרונות - ברוך גרינברג
רוחי דינר","https://www.facebook.com/share/p/1DDsPGJTnE/","images/דינר רוחי ודני.jpg"
"17","הוכשטיין","ולדימיר ורעיה","1992","","","images/הוכשטיין ולדימיר ורעיה.jpg"
"18","הורוביץ","רותי וקובי","1975","רותי וקובי הורוביץ.
קובי ידוע כמאגר בלתי נדלה של סיפורים וזכרונות, מה שאיתגר אותי על אלו סיפורים לדלג... 
רותי וקובי הכירו בר""ג ונישאו. לאחר מלחמת יום הכיפורים חברו לגוש אמונים בסניף ר""ג, שם הקימו את גרעין מערב השומרון, מה שהפך לישוב אלקנה. 
בעקבות הצעתה של רחל ינאית בן צבי ז""ל לאנשי גוש אמונים לעשות כמעשה חלוצי העבודה ולהקים פלוגת עבודה בבעל חצור, הגיעה קבוצת חברים לעבודה בהר, ורק לאחר זמן התיישבו במחנה הירדני הנטוש בעפרה והקימו את הישוב. בחנוכה תשל""ה הגיע קובי עם חברים לבקר את העובדים בהר בעל חצור, שם נוצר קשר ראשון.  בשלב מסויים ניסה קובי לשכנע את רותי להגיע לעפרה, ""בינתיים, עד שיעלה גרעין מערב שומרון על הקרקע"".
באוגוסט 75 היה אמור לצאת קובי למילואים באזור. כמה ימים קודם לכן הגיע עם רותי ורחלי הקטנה לעפרה לראות את המקום. באותו לילה לא היתה משפחת רסיס-טל בעפרה, ומשפ' הורוביץ שוכנה בביתם ללינת לילה. מה שלא ידעו ההורביצים, שהמקלחת בבית רסיס-טל שדלתה היתה שמיכה תלויה, היתה המקלחת היחידה בישוב הצעיר, וכך לאחר רדת החשיכה מצאו תור אנשים משתרך מחוץ לדלת, כולם בדרך למקלחת...
באותו ביקור כבר עברו ועדת קבלה, במהלכה סיפר קובי על כוונתו לפתוח עסק מחשבים בעפרה, מה שהתקבל בהתלהבות. 
בסוכות באותה שנה שוב הגיעו לביקור, והפעם גם הביאו את אמה של רותי לראות את המקום. האם/סבתא לא ידעה לאן לוקחים אותה וחיכתה לראות את המקום. לאחר שכל הדרך התפלאה שרואה רק ערבים סביבה, נכנסו סופסוף לעפרה. כשעברו את השער וירדו מהרכב, הראה קובי בידו ואמר: ""הנה, פה"" !
האמא הסתכלה ימינה ושמאלה, ושאלה ביידיש: ""איפה""?...
בסתיו תשל""ו הודיעו להם שהדירה המיועדת תהיה מוכנה תוך יומיים שלושה, ועל סמך ההבטחה העמיסו את חפציהם על משאית והגיעו לעפרה. ל ""פ"" של - ע. פ. ר. ה -  ליתר דיוק. כשהגיעו עדיין עסקו בשיפוץ שהסתיים עד סוף היום והמשפחה התמקמה. ההתחייבות של קובי לרותי היתה - שנת ניסיון. כשיצאה רותי מבית הכנסת בשבת הראשונה בבגדי השבת כובע ונעלי עקב, התלוננה באזני קובי על שלא סיפר לה שיהיו כ""כ הרבה אבנים במקום...
קובי קיבל את תפקיד הרבש""ץ ואחראי שמירות. רשימת השמירה נקבעה לפי הקורבנות שהיו בחדר האוכל המשותף בזמן הרכבת הרשימה. 
בתקופה הראשונה עבדה רותי בהוראה בירושלים. לקח שנתיים עד שמימש קובי את הבטחתו והקים חברת מחשבים בעפרה, שהיתה שותפות של חברי עפרה (יוסף שפיץ, אהרן חלמיש, שמואל אופן, מנחם גרנית וקובי) עם חברת מ.ל.ל. החברה שוכנה במבנה מול המכולת, במקום שהיום נמצא מועדון עת נחת. רישמית (להוציא עסקים קטנים ולא רישמיים) היה זה העסק הראשון של חברה ביו""ש. 
קובי היה שליח הציבור בימים נוראים כבר בתחילת הדרך. באחת השנים התקיים ""מבצע 500"", בו ניסו לשכנע אנשים לתרום להקמת מבנים בישוב. משה מרחביה הצהיר בתחילת התפילה, שאם יסיים קובי את התפילה עד 13:00, הוא תורם 500$ למבצע. קובי הצליח לתזמן את התפילה, וב 13:00 בדיוק הכריז בקול: ""... ביום ההוא יהיה ה' אחד ושמו אחד, משה מרחביה תורם 500 דולר לקרן הבניין..."" 
למשפ' הורוביץ היה רכב סימקה 1000, שהשתתף עם שאר הנהגים המעטים בהסעות מצומת יו""ש, היות ולא היה אוטובוס שנכנס לעפרה. באחד הימים הגיע עם ריכבו הקטן לאיסוף, ומהאוטובוס ירדו לא פחות מ- 12 נוסעים, מבוגרים וילדים. כדי לא לעשות את הדרך פעמיים, הצליחו במבצע לוגיסטי מרשים לדחוס את כל 12 הנוסעים בריכבו הקטן... 
עם השנים עברה רותי ללמד גם בישוב, במיוחד מבוגרים. כשהוקם אולפן לאנשי חו""ל בעפרה, לימדה שם רותי, בנוסף לאירוח התלמידים בביתם. 
תודה למשפחת הורוביץ על שיתוף הפעולה, על התרומה לישוב, על הפעלת סניף יד שרה, ועל הסיפורים הנהדרים והמחכימים, מקווה שתמצא הדרך לפרסם את כולם...
אוצרים זכרונות - ברוך גרינברג","https://www.facebook.com/share/p/1JB691Bpce/","images/הורוביץ קובי ורותי.jpg"
"19","הראל","שרהלה ז''ל וישראל","1976","","","images/הראל שרהלה ז''ל וישראל.jpg"
"20","ויינר","חיה ויוסי","1981","חיה ויוסי ויינר.
יוסי וחיה הכירו בגרעין ההגשמה בעין צורים, התחתנו וגרו בקיבוץ 7 שנים. חיה למדה עבודה סוציאלית אבל עסקה בעיקר בהוראת מבוגרים, ויוסי עבד בקיבוץ. כשהחליטו שמיצו עצמם בקיבוץ עברו לקרית ארבע, שם היה יוסי מזכיר הישוב. בקרית ארבע הכירו את שלום ואך, והוא הכניס את חיה ללמד באולפן לעולים שפתח. בשנת 81, לאחר שנתיים בקריה עברו לעפרה, ויוסי שימש כמזכיר המועצה, ולאחר כמה שנים גם מזכיר הישוב עפרה. בשנת 84 ""קפצו"" לשנתיים לעזור בהקמת הישוב עלי, וחזרו לביתם בעפרה ב 86. שלום ואך שהגיע מקרית ארבע לעלי, פתח אולפן עולים בעפרה, וחיה ניהלה אותו ולימדה בו. במקביל לימדה שנים רבות גם באולפן באריאל. 
משפחת ויינר ידועה כמפעל חסד. לזוג 12 ילדים, 6 ביולוגים, 6 באמנה.
3 מילדי האמנה נשואים לבני עפרה. מבחינת חיה ויוסי אלו ילדיהם לכל דבר, והם מתגוררים בביתם עד לחתונה. חוץ מהילדים ה""רישמיים"", התגוררו בביתם במהלך השנים לתקופות קצרות וארוכות כמה עשרות ילדים ומבוגרים שהחיים לא תמיד האירו להם פנים. אנשים בתקופות גמילה, או חלופות מאסר, או סתם אנשים שלא מצאו קורת גג, בית משפחת ויינר תמיד פתוח ומאיר פנים. 
יוסי מוצא זמן להתנדבות כנהג אמבולנס ביד שרה, תוך כדי התנדבות גם בתוך הישוב. את חיה ניתן לראות בסיורי הקלנועית בזמן שהיא מקדישה כל יום לנשות הישוב, כשבשעות אחר הצהרים היא מתחזקת את מוסד השידוכים המפואר שלה.
השיחה עם חיה היתה קצרה יחסית משתי סיבות. הסיבה הראשונה היא שהלו""ז שלה עמוס לעייפה בפעילות ובהתנדבויות, ואין לה זמן לבזבז על שיחות מיותרות... והסיבה השניה היא שלבושתי הפרעתי לה באמצע החברותא היומית שלה עם חברתה הטובה ושכנתה נעמי בונה. יחד, כבר שנים, שהן לומדות חסידות כל יום. 
""ללמוד עם נעמי זו חוויה לא רגילה, כי היא כל כך מלאת ידע, שזה תענוג, ואני לומדת ממנה המון""...
משפחת ויינר, תודה על שיתוף הפעולה. המשיכו להיות לנו להשראה גדולה, והרבה בריאות. הישוב צריך אתכם פה לעוד הרבה שנים...
אוצרים זכרונות - ברוך גרינברג","https://www.facebook.com/share/p/1HXVn7DS8a/","images/ויינר חיה ויוסי.jpg"
"21","ולרשטיין","פנחס ואסתרקה","1975","גם מר וגברת התיישבות התיישבו על הספה.
זכות גדולה יש לנו כתושבי רח' הסלע בעפרה. מהיום שהגענו לישוב היה בית משפ' ולרשטיין המגדלור שלנו. ""ברחוב של ולרשטיין""... היינו עונים על השאלה של ""איפה אתם גרים""? 
האמת היא שהתלבטתי איפה יותר מתאים לצלם, האם בין המחרשה (של סבא של אסתרקה) והכבשים, או מאחור ב""יער ולרשטיין"", בין החסידות והנדנדה. מסוג הדברים שאם חושבים עליהם יותר מדי, ומנסים לתכנן מראש, בסוף לא יוצא כלום. שאלו את פנחס על זה. 
אז הלכנו על שניהם. העיקר להתיישב.
אסתרקה ופנחס , תודה על שיתוף הפעולה, זו הזדמנות טובה להודות על כל העשייה המבורכת. 
אוצרים זכרונות - ברוך גרינברג","https://www.facebook.com/share/p/1EtXUVpAKC/","images/ולרשטיין פנחס ואסתר.jpg"
"22","חלמיש","אהרן ועדנה","1975","","","images/חלמיש עדנה ואהרן .jpg"
"23","טוויטו","מרים ואליהו","2007","","","images/טוויטו מרים ואליהו.jpg"
"24","טיירי","מירי והלל","1991","מירי והלל טיירי, רח' דרך ארץ ימיני.
משפחת טיירי הגיעה אלינו בשנת 91 מאלוני הבשן בגולן. דבי ויעקב פוקס, שכנים מאלוני הבשן וחברים טובים עברו לעפרה שנתיים קודם וכנראה שהצליחו להלהיב גם אותם. הלל ומירי שרצו להתקרב לירושלים, וחיפשו ישוב קהילתי שלא יהיה קטן אבל גם לא גדול מדי, נדלקו על עפרה, ובהחלטה מהירה החליטו לעבור. 
עפרה מבחינתם היתה מקום מושלם. קהילה חמה עם אנשים טובים ומאירי פנים, והילדים השתלבו מיד ומצאו כל אחד את מקומו וחבורתו.
הלל עבד קצת ב""מיה תבלינים"", ובחברת חשמל לתקופה קצרה, ואז הגיע לאולפנא כמנהל אחזקה, ואחראי נוי ובניה חדש. כאבא לבוגרות האולפנא אוכל להעיד שהלל הוא מעין מוסד בפני עצמו בתוך האולפנא, וכמדומני שחתימת ידו ניכרת בכל פינה באולפנא. 
מירי טיפלה בילדים, ועבדה גם בגנים ובבית הספר. בשלב מסויים הוצע לה לנהל את הסיפריה הציבורית, ומירי נרתמה לפרויקט. היא יזמה את העתקת הספריה מהמבנה הישן (הצימרים של ""קדם עפרה"") למקום הנוכחי, דאגה להעברת הספרים ולהפיכת הספריה לנעימה ומרווחת. עם השנים יזמה והקימה את ""הספריה הפתוחה"", חדרון החלפת ""ספר תמורת ספר"" בכניסה לחמ""ל הישוב, שפתוח 24/7. 
בנוסף הקימה את ""גן סיפור"", ספריות שמוקמו בגינות הציבוריות ברחבי הישוב, לתועלת הילדים והוריהם.
מירי והלל יקרים, מאחל לכם שהאהבה והחום שאתם מרעיפים על הישוב ותושביו יחזרו אליכם בחזרה, ונזכה לשנים ארוכות ובריאות יחד.
אוצרים זכרונות - ברוך גרינברג","https://www.facebook.com/share/p/1GSrBF9Vdn/","images/טיירי מירי והלל.jpg"
"25","יגל","שמחה ונעמי","1982","נעמי ו(פרופ') שמחה יגל.
כשהגענו לעפרה והתמקמנו בבית הכנסת, ישב בספסל לפנינו יהודי נמרץ עם ילדיו הצעירים. לא זוכר מה חשבתי עליו, אני רק זוכר את ההלם שלי כשסיפרו לי שמדובר בד""ר יגל, מומחה ברפואת נשים ששמעו הולך לפניו. משהו במראה הצעיר והמתולתל, החביב והחייכן, לא הסתדר לי עם התואר... מאז שודרג התואר, אבל כל השאר בתוקף, חוץ מהילדים שהתחלפו בנכדים.
נעמי ושמחה יגל הגיעו לעפרה בשנת 82. בשנים הראשונות היה שמחה רופא המשפחה בישוב למשך כמה שנים. אבל פורצת הדרך האמיתית בעיני, כתושב עפרה, זו נעמי, שהיתה לאישה הראשונה שהיתה יו""ר מזכירות הישוב... 
וכאן הרשו לי לפתוח סוגריים ולהחזיר חוב. הצילום הראשון שצילמתי לפרויקט הזה היה של מורנו הרב אבי ויפה גיסר. את התמונה הנהדרת (בעיני) של הרב אבי ויפה שיתפתי, בלי להרבות במילים. לאחר שהתחלתי לשתף גם מעט סיפורים, נקפני ליבי על כך שדווקא על הגיסרים הנהדרים והחשובים קימצתי במילים. והנה, משפט אגבי של נעמי נתן לי את הזכות לפתוח את הנושא מחדש ולהשלים מעט את החסר... מסתבר שכיו""ר המזכירות דאגה נעמי בראייתה הטובה לבחירתו של הרב אבי לכהונת רב הישוב עפרה! בחירה שאין מתאימה ממנה. עפרה והרב אבי, כשלצידו כחלק בלתי נפרד יפה, חד הם. אי אפשר לדמיין את עפרה ואת האירועים שעברה, את הרגעים הגדולים, ואת הרגעים הקשים, ללא דמותם של הרב אבי ויפה כמלווים, תומכים, מחזקים ומתווי דרך. אחרי שהזכירה את הנקודה הזו, הבנתי גם את טיב הקשר העמוק שראיתי כל השנים בין המשפחות.
לצידה כיו""ר מזכירות ציינה נעמי את מנחם גרנית כמי שתרם מזמנו וסייע רבות למזכירות בידיעותיו בתחום הכלכלי בעיקר. 
עם השנים הפך שמחה למומחה בעל שם לגניקולוגיה ורפואת נשים, ניהל את מחלקת יולדות בהדסה עין כרם והר הצופים, והפך למומחה בסריקת מערכות. בהמשך גם  הקים ומנהל עד היום מעבדה למחקר בסיסי בהדסה הר הצופים שם הוא עובד בשיתוף פעולה עם אנשים רבים מעולם הרפואה בארץ ובעולם.
נעמי, פיזיותראפיסטית במקצועה, עבדה כל השנים בקופ""ח מכבי. לאחר יציאתה לפנסיה הצליחה לאחר מאבק, להיות הפנסיונרית הראשונה שממשיכה לעסוק במקצועה כפיזיותראפיסטית גם כמתנדבת, ולא כפקידה, כפי שהיה נהוג עד עכשיו. בנוסף מתנדבת נעמי כל השנים בבית ספר לילדים ומבוגרים עם פיגור, והשבוע לאחר הפסקה של כמה חודשים עקב הקורונה, היא חוזרת לשם מחוסנת כדי להמשיך בהתנדבות.
משפ' יגל מחלקת את זמנה בין ירושלים לעפרה, ואנחנו זוכים לראותם בסופי שבוע ובכל האירועים המיוחדים בישוב.
תודה על שיתוף הפעולה, על התרומה לישוב, ועל התרומה הגדולה והאמיתית של הבאת חיים לעולם, ובכלל, על כל הטוב שאתם משפיעים סביבכם. 
זכתה עפרה. תבורכו.
אוצרים זכרונות - ברוך גרינברג","https://www.facebook.com/share/p/1cmSogP2yG/","images/יגל שמחה ונעמי.jpg"
"26","כ''ץ","מרים","2012","מרים כ""ץ. רח' התאנה.
מרים היא שכנה. שכנה קרובה. כ""כ קרובה, שרק לאחרונה הבנתי שיש לה גם שם. כי אצלנו היא בכלל בֹּאבֶּע. 
בֹּאבֶּע היא אמא של חיים שחולק איתנו יחד עם רותי חצר משותפת ושכנות של מעל 30 שנה, שהתחילה עוד במבשרת ירושלים. כך שאנחנו חולקים גם בֹּאבֶּע משותפת שהנינים שלה עושים לנו בלאגן מבורך ומשמח בבית ובחצר.
בֹּאבֶּע לא חשבה שמגיע לה להצטלם על הספה, ""אני בת 46"" אמרה לי. לשמחתי בעקבות מסע לחצים של נכדותיה הנהדרות הסכימה לשבת לכבודי על הספה. את הצילום על הספה היא קונה בזכות השתייכותה לוותיקים. לעפרה הגיעה רק בשנים האחרונות לאחר פטירת בעלה יצחק ז""ל. 
מהמפגש איתה יצאתי עם תובנות וריגושים שראויים להיכתב על קירות הלב. שיעור קצר ומשמעותי לחיים.
מרים הגיעה לארגנטינה מפולין יחד עם משפחתה כשהיתה בת שנתיים וחצי, והיא הפולניה הכי לא פולניה שאני מכיר. 
היא נישאה ליצחק ז""ל בגיל צעיר, ומאותו הרגע לא נפרדו עד פטירתו. היה להם מפעל קטן ליצור בגדים ותפקידה היה לייצר את דוגמאות הבגדים. יחד עבדו בארגנטינה, וכשהגיעו לארץ באזור חנוכה בשנת 77 התקבלו לעבודה במפעל ""רים"" והמשיכו לעבוד יחד. מרים היתה אחראית על גזירת ותפירת הבדים לספות שנעשו בעבודת יד, וזכתה בפרסים ובאותות הצטיינות על עבודתה. ככה זה כשמגיל 13 כבר גוזרים בדים לעניבות במפעל של האחים הגדולים. עד היום היא רוקמת, סורגת ומציירת על בדים ויוצרת דברים נהדרים.
מהיום שהתחתנו עבדו יחד, עשו קניות יחד, טיילו יחד, הכל יחד. מהסיפורים שלה אני לומד שחיים טובים לא צריכים להיות קלים ועם חשבון בנק מלא. הכל בראש. ""אלוקים נתן לי חיים טובים""! 
כסף מיותר אף פעם לא היה להם, 16 שנה גרו עם 4 ילדים בדירה קטנטונת של 2 חדרים שכללה סלון ומטבח. אבל היתה הרבה שמחה, והיו חברים טובים, ולב טוב, והרבה הרבה עין טובה. 
רוצים מתכון לחיים טובים? בקשה - ""אני חושבת שאלוקים נתן לי את זה בגלל איך שהייתי עם אבא של בעלי כשהוא התאלמן... שעזרתי לו, אבל בלי שהרגיש שעזרתי לו"". ""שתמיד תבואי הביתה בשמחה"" איחל לה פעם. וכך היה.
היא מודה על כל רגע, על הילדים שמדברים איתה כל יום, גם מחו""ל, על הנכדים והנינים, על החיים טובים ועל החברים הטובים שהיו להם בארגנטינה שנרתמו לעזרה כשהיה צריך, ועל השכנים והחברים בעפרה. היא לא מחזיקה מעצמה חכמה... אבל יש דברים שרואים לבד. ""בֹּאבֶּע, יש לך עיניים בגב""? שאלו אותה פעם הנכדים...  
כל החיים עבדה קשה, אבל לא הרגישה שעובדת קשה. כשהתחתנו לא היה להם 5 פזוס לקנות קפה או ללכת לקולנוע, אבל אף פעם לא הרגישו שחסר להם משהו. הקב""ה תמיד דאג שיהיה להם כל מה שהיו צריכים. גם חברים. וכנראה שלא סתם אהבו אותם החברים. 
""זה לא תמיד הכסף"" היא אומרת. כשפנו אליהם מתנועת המזרחי וביקשו שיארחו רב חשוב שהגיע לארגנטינה לביקור, הסכים מיד יצחק ז""ל לארחו בשבת. מרים הרגישה לא נעים, משום שהספה בסלון לא היתה מספיק מכובדת, וניסתה לסדר אותה. הרב שם לב לטירחה שטרחו עבורו, וביקש שתעבוד פחות קשה כדי לשמור על עצמה. לאחר תקופה כשחזר שוב, הזמין אותו מישהו מהקהילה להתארח אצלו, וסיפר שיש לו חדר נפרד ומרווח עבורו. הרב סירב, וביקש לחזור ולהתארח בבית משפח' כ""ץ על הספה בסלון. 
""העיקר להיות בן אדם טוב""! היא מסכמת.
כשעלו ארצה היו מהראשונים שהגיעו למרכז הקליטה בגילה בירושלים. לאחר פטירתו של יצחק ז""ל, עברה לעפרה, זוכה לביקורים תכופים של הנכדות והנכדים והנינים. היא נהנת  מהפעילות במועדון הותיקים ומהשכנים הטובים, ומאושרת מכל רגע. גם אנחנו.
תודה רבה בֹּאבֶּע על שיתוף הפעולה (אני יודע שלא היה קל...), על העצות הנהדרות ועל הנעימות שאת מקרינה סביבך. 
""יברכך ה' וישמרך"", בבריאות טובה ובשמחה תמיד עם כל המשפחה הנהדרת.
ובגלל שאת בֹּאבֶּע גם שלנו, החלטתי להיות גם בתמונה. ותודה ליותם על הצילום.
אוצרים זכרונות - ברוך גרינברג","https://www.facebook.com/share/p/1FBoFQ94f6/","images/כ''ץ מרים  ז''ל.jpg"
"27","כהן","רבקה","","","","images/כהן רבקה.jpg"
"28","כהנא","מיכל ומאיר","1977/1982","מיכל ומאיר כהנא. רח' אמונים.
~
מיכל הגיעה לעפרה בשנת 77 לשירות צבאי כמדריכה בבי""ס שדה, לאחר תהליך קבלה ""לא פשוט"" כהגדרתה. באותה תקופה חיפשו דווקא בוגרות צבא לתפקידי ההדרכה. כשבצוות אתה הרב יואל בן נון, ר' יואל אליצור, עמוס פרומקין, ז'אבו ארליך, ויאיר בשן ז""ל חוותה שנתיים מדהימות. מהרגע הראשון כבר הרגישה חלק מהישוב. הן השתתפו בקטיף הגודגדנים והנרקיסים, סיירו באזור, וביקרו בבתי תושבי כפרי הסביבה בטבעיות ובהנאה מרובה. יחד הכינו פיתות, הפיקו שמן מהזיתים, ויצרו קשרי ידידות עם התושבים.
בשנת 79 הציע לה יהודה דינר לעבוד בביה""ס בישוב. היה זה המחזור של יואב אליצור ושלומציון הראל, שמנה סה""כ כ-4 ילדים. בתחילה סירבה, משום שהיתה ללא הסמכה להוראה. משהגיע המפקח האזורי לבחון את ביה""ס, נכנסה המשלחת וצוות המורים לכיתתה. במהלך השיעור שמעה לחשושים, שהתבררו אח""כ כנסיון של המפקח להבין – איפה המורה?!?!... כשראה אותה מנקה את הלוח בעזרת מטאטא, התלהב, ועזר לה לקצר את שלב הלימודים האקדמיים בעזרת מבחנים אקסטרניים.
שרה פריד ז""ל ושרה הראל ז""ל קנו לה ספריי לימוד ע""מ לשכנעה לסיים את הלימודים. מיכל ניגשה למבחנים וקיבלה את ההסמכה.
לאחר שנתיים הגיע מפקח נוסף לרחרח בביה""ס. מר הדס ירד מהאוטובוס חנוט בחליפה ועניבה, וביקש לראות את המורה מיכל. מביה""ס שלחו אותו ל""כיתה"". כמעט כרגיל, העבירה מיכל את השיעור בשטח. מר הדס שהתמקם בחוסר נוחות על אחד ה""כיסאות"" ובילה את השיעור כשהוא ישוב על סלע, העניק לה ציון 100, דבר שלא קרה אצלו מעולם. 
""אין אף מורה שרושם את מהלך השיעור על הלוח כנדרש, ולכן מעולם לא הענקתי ציון 100. בשיעור שלך לא היה לוח, כך שאין הצדקה להוריד"" ...
בעקבות הביקור, קיבלה קביעות.
44  שנים היתה במערכת, ולימדה טבע וגיאוגרפיה. במשך שנים הפעילה חוג טבע לילדי עפרה, שחרשו בזכותה את אדמת האזור.
~
מאיר נחשף להר בעל חצור כבר בהיותו תלמיד בישיבת נתיב. הוא אהב לטייל, וראה את בתי ע.פ.ר.ה. כבר ב- 74 כשטייל מרמאללה דרך ואדי דולב ודורא אל קרא לעפרה. 
לאחר הצבא עבד כנהג משאית ונפגש שוב בעפרה, אולם כשביקש לעבוד בביה""ס שדה, נדחתה בקשתו. 
לאחר תקופת הדרכה בבי""ס שדה שער הגיא וקורס של החברה להגנת הטבע, נפגש שוב עם צוות עפרה והקשרים התחממו.
בשנת 82 הוזמן ע""י עמוס פרומקין להצטרף לטיול בצפון, ובסופו הציע לו להצטרף לצוות בעפרה. וכך אחרי תקופת ""החיים הטובים"" בהדרכה בת""א, נזרק לתוך עבודה רצינית ואינטנסיבית בעפרה.  
מעל 10 שנים עבד כמדריך, ואח""כ כרכז הדרכה, תוך שהוא נדרש להפגין ידע ברמה גבוהה בתנ""ך ובהיסטוריה.
הוא מציין בגעגוע את התקופה ההיא, כשכל טיול שביקשו לעשות אושר מיד. הם חרשו כל רגב אדמה בשטח, ובעקבות הסיורים גם סימנו שבילים בכל האזור. עד האינתפאדה טיילו וסימנו שבילים תוך שהוא נעזר במדריכים הותיקים ובספרי טיולים כדי למצוא את המסלולים היפים והמעניינים. את המפה המסומנת היו שולחים לועדה לסימון שבילים, ואת כולם היו מאשרים. אחרי הסימון על המפה היו יורדים לשטח מאיר וחבורת מדריכים מביה""ס שדה, לפעמים הצטרפו אלי כ""ץ איתי הראל, ניר אפיק ועוד חבר'ה, דלי צבע ומברשת בידם, וכך סומנו השבילים.
~
שם בבי""ס שדה הכיר את מיכל, ולמרות שמאחורי גבו ניסו הותיקים לשדך לו שידוכים, התרקם לו הקשר. באחד הימים ראה אורי אליצור ז""ל את השניים ליד שער הישוב וחושיו נדרכו. הוא ניסה להבין האמנם ""יש דברים בגו""?... ושלח את יעל לברר, אלא שמיכל הכחישה. כשסיפרה לאורי, ענה:
 – ""לא יתכן. הילכו שניים יחדיו בלתי אם נועדו""?...  
בסופו של דבר מיכל היתה זו שהחליטה שהם צריכים להתחתן, וכך בט""ו בשבט תשמ""ד, ביום בוצי ותחת גשם זלעפות התחתנו השניים במדרשה בעפרה. תלמידיה של מיכל הופיעו, כל תושבי הישוב הגיעו, והשמחה היתה גדולה.
בתחילה גרו למטה באזור הפיצה עכשיו, ולאחר מכן החלו לבנות את ביתם הנוכחי. כשמאיר היה במילואים התעורר צורך בדירה הישנה, ועובדי המדרשה העבירו את החפצים לביתם החדש. כשחזר מהמילואים, הגיע היישר לביתו החדש.
~
""אף פעם לא חשבתי האם נכון שאני גרה בעפרה או לא"", משתפת מיכל, ""הדברים התגלגלו כך, ותמיד היה נראה לי טבעי, אבל אף פעם לא ""קיבלתי החלטה"" שפה צריך להיות ביתנו"". 
והנה לפני כארבע שנים החליטו לשפץ את הבית, ובראשה החלו לרוץ מחשבות – האם נכון להם להמשיך ולגור פה? האם באמת זהו המקום הנכון עבורם? חשבו, התלבטו, והחליטו שמשפצים, ונשארים מרצון. 
לקראת ר""ה שלפני 4 שנים נכנסו לביתם החדש, בסופו של קיץ קשה. כמה שבועות קודם נפטרה אמה של מיכל. שלושה ימים אחר כך נפטרה אחותו של מאיר, ושבועיים אחריה נפטרה אחותה של מיכל. 
בר""ה עלתה מיכל להתפלל בבית הכנסת, ובמהלך התפילה כשהיא מוקפת בחברותיה פרצה בבכי מר, שלאחריו הבינה והשלימה שפה ביתה. היא הרגישה שרק במקום שהוא בית, ליד חברותיה הטובות, היא מסוגלת לבכות כך. מבחינתה – המעגל נסגר, והיא בבית. מבחירה. 
שניהם מזכירים בכבוד את הדור הקודם, כאחראי על הכיוון בו בחרו בחיים.
מיכל גדלה בנחלאות בירושלים, וקו ישיר בין החינוך שקיבלה מהוריה ומחנכיה שם – מוביל להמשך שלה בעפרה. 
מאיר נולד באשקלון, והוריו הגיעו לעפרה בעקבותיו בשנת 87. קשה לשכוח את הוריו המקסימים. עם כל הקושי ולמרות חרשותם יזכרו תמיד בחיוניות ובחיוך התמידי שהיה נסוך על פניהם. אביו עבד תמיד בעבודות מזדמנות, ואימו סייעה להם בשמירה על הילדים. ותיקי הישוב זוכרים בודאי את שרה עוצרת טרמפים בעזרת מקל הסבא שלה... טרמפ כמעט קבוע היה לה עם הרב גיסר מהמכולת לביתם שליד הגנרטור, שכלל את הכנסת המצרכים הביתה. 
אברהם אהב לשוטט בישוב, לשבת עם יעקב פוקס ויעקב שמעוני, לשתות תה ולפטפט.
הם נפטרו בשיבה טובה, וקבורים בקבר המכפלה הראשון בעפרה.
~
אי אפשר לדבר על משפחת כהנא בלי להזכיר את ""המשוטטים"".
בבי""ס שדה עלה רעיון לעשות חוג בימי שישי. מאיר הרים את הכפפה, והם החלו להדריך סביב שנת 93. שנה אח""כ עזב את בי""ס שדה, אבל המשיך לקיים את החוג בצורה פרטית.
למעלה מ 25 שנה התקיים החוג. פעם בשבועיים/שלושה היו נפגשים ומטיילים בכל האזור, מהגלבוע ועד לערד. מאיר היה מחפש מסלולים שמעניינים אותו, אוסף עליהם חומר ומזמין דמויות מעניינות להתלוות אליו. רבים וטובים התמידו במשך שנים ארוכות וטיילו איתם, כולל רבים מחוץ לעפרה. במהלך הסיורים הרבו לבקר בבתי השכנים הערבים ובמערות, ושמרו על יחסים טובים איתם. מדי פעם שומרת מיכל על קשר עם אישתו של אבו-חילמי, שהתגורר בעבר בשומרה, אליה היו מגיעים למסיק ועבודה כל שנה, מט""ו באב ועד סוף האסיף.
כשגילה שנגמרו המקומות שעניינו אותו, והרגיש שהוא מתחיל לחזור על מסלולים, הפסיק מאיר את החוג. חלק ממשתתפי החוג פתחו אח""כ חוג משלהם והמשיכו את המורשת.
בשנה האחרונה פרשו שניהם ממשרד החינוך ורשמית הם בפנסיה. 
""זכינו להרגיש בעפרה בבית"", הם אומרים.
זכתה עפרה בכם...
תודה לכם על שיתוף הפעולה ועל כל הדברים הטובים שעשיתם במהלך השנים.
הרבה בריאות ושנים ארוכות יחד.
#עפרה_על_הספה
אוצרים זכרונות - ברוך גרינברג","https://www.facebook.com/share/p/1BsxScLfK9/","images/כהנא מיכל ומאיר.jpg"
"29","כנרתי","אסתר ז""ל","1978","יעקב ז""ל ואסתר כנרתי. רח' המטע.
אסתר ויעקב הגיעו לעפרה אחרי חתונתם כשלש שנים לאחר הקמתה. אסתר היתה מזכירה בגוש אמונים, ויעקב מורה למקצועות קודש ומחנך.
כדי לקיים את הכלל המחייב עבודה בישוב, עבדה אסתר בתחילת ימיהם בעפרה כמזכירה של יאיר בשן בבי""ס שדה עפרה. במהלך השנים היתה מזכירה רפואית בבי""ח שערי צדק הישן ובעפרה. 
יעקב לימד בירושלים, ולאחר מכן גם בשילה.
הקשר לשילה היה עמוק כנראה, היות ובמסגרת עבודתה כמזכירה בבי""ס שדה פעלה אסתר לחדש ולקיים את חגיגות ט""ו באב בשילה הקדומה. לבנם שנולד באותה תקופה קראו - שילה. שילה נולד בשבת, ובאותה תקופה היה קשה למצוא מוהל שיסכים להגיע לשבת לעפרה. לבסוף נמצא יהודי ירושלמי בשם שוורץ שהסכים להגיע, ואח""כ הפך להיות המוהל המקובל בעפרה לתקופה ארוכה.
כשנולד שילה והמשפחה עברה לבית מרווח יותר ודירתם התפנתה, נכנסה משפחת גיסר לגור בישוב.
את הנסיעות עם יעקב ז""ל, כשהיה מצטרף כטרמפיסט אני זוכר כחוויה לימודית. איש חייכן ומלא ידע שידע ליצור סקרנות לסובבים אותו, בשקט ובצניעות.
בכ""ו שבט תשס""ג נקלעו אסתר ודביר לפיגוע ירי ליד עפרה, ודביר נפצע קשה מאוד. יעקב שהיה אז בשנת שבתון נחשף מקרוב לארגוני החסד הרבים שסייעו מסביב, והקים ארגון חסד משלו. אמצעים כלכליים לא היו לו, אבל לב טוב ואוזן קשבת היו בשפע. *גמ""ח אוזן* קרא לזה. הוא עזב את עבודתו בהוראה והחל להסתובב בין אנשים שהיו זקוקים לזה, שמע את אשר על ליבם, ועזר ככל יכולתו בהפניית בקשות וכתיבת מכתבים.
באותו תאריך - כ""ו שבט, כמה שנים אחר כך, נפטר יעקב לאחר מחלה והיום הוא יום השנה לפטירתו.
יהיו הזכרונות הטובים לעילוי נשמתו. 
תודה לאסתר על שיתוף הפעולה, תודה לחיה ויינר היקרה, חברתה הטובה של אסתר על שלא מוותרת ומזכה אותנו לראות אותן בנסיעה היומית ברחבי הישוב.
בע""ה בריאות טובה ונחת מהמשפחה.
אוצרים זכרונות - ברוך גרינברג","https://www.facebook.com/share/p/19bhBWy7vJ/","images/כנרתי אסתר ז''ל.jpg"
"30","לוריא","רחל ונעמן","1977","רחל ונעמן לוריא, רח' המטע. 
נעמן הגיע לארץ מארה""ב אחרי מלחמת ששת הימים. רחל מדרום אפריקה שנתיים אחריו. הם הכירו בזמן שרחל למדה בבר אילן, התחתנו ב 72 והתגוררו בירושלים. כשנתיים לאחר הקמת עפרה החל נעמן לעבוד בניהול מטבח המדרשה. התפקיד הצריך נסיעה על בסיס יומי ומדי פעם גם תורנות בשבתות, אבל בגלל מחסור במקום מגורים, לקח עוד חצי שנה עד שעברו עם שתי בנותיהם להתגורר בעפרה, ופה נוספו ב""ה עוד 4 ילדים מתוצרת עפרה...
במשך כל השנים עבדו ביישוב. רחל עבדה עם ילדים ובגנים, ולאחר מכן במשך כ 20 שנה היתה אם הבית של כיתת הבנות העולות מאתיופיה באולפנא.
נעמן עבד במדרשה ובמכולת, וב 20 השנים האחרונות במטבח האולפנא, עד יציאתו לפנסיה.
תודה שהתיישבתם על הספה, תודה על העשייה המבורכת בעפרה.
אוצרים זכרונות - ברוך גרינברג","https://www.facebook.com/share/p/18Q8xpPMZv/","images/לוריא רחל ונעמן.jpg"
"31","מאיר","איצ'ה ומלכה","1975","מלכה ויצחק מאיר. רח' ט' באייר. 
הקשר של איצ'ה לעפרה החל כבר בחברות בגרעין שילה, גרעין המייסדים. 
איצ'ה היה זה שהגיע ביום העליה לעפרה עם טנדר הפיג'ו של גוש אמונים, עמוס בציוד לפי דרישת החברים, וכפי שנרשם בפתק:
4 קלאצניקובים, ארון ברזל, וכו'. מלבד הציוד הועמסו על הטנדר גם החברות המייסדות - חיה עציון, גיסתה אורית רפפורט, ויפה שטיין (קמינצקי).
כשהיה רכז. שירות לאומי של העזרא עשתה מלכה ש.ל. בשעלבים, ושם הכירו. ממנו גם שמעה את הסיפורים על עפרה ובעקבותיו הגיעה גם היא. את התקפת הצחוק שקיבלה בשבת הראשונה כשהגיעה ל""רווקיה"" בבית השייח בעפרה, זוכרים לה עד היום...
איצ'ה ומלכה היו הראשונים מבני עפרה שהתחתנו במקום ונשארו לגור פה.
סיפור חתונתם היתה אירוע מכונן, וראוי הוא להיות מסופר על אף אורכו... 
אוסף של אירועים היסטוריים ותקלות שונות ומשונות הפכו אותה לאירוע הצרוב בדברי ימי עפרה כמשהו שלא שוכחים.
השנה שנת תשל""ז, 1977, ימי ה""מהפך"". כמה ימים לפני החתונה הכריז מנחם בגין ז""ל מעל דוכן הכנסת על ההכרה בעפרה ובאלון מורה. 
כמקובל, נכתב בהזמנות לחתונה כי אוטובוסים מבנייני האומה לעפרה יעמדו לרשות האורחים. שבוע חגיגי להתיישבות החדשה, בהחלט סיבה למסיבה, ומאות חברי בנ""ע, עזרא, גוש אמונים ועוד נהרו ובאו להשתתף בחתונה הראשונה בישוב הצעיר ו""המוכר"", ובמקום 800 איש שהוזמנו, הגיעו בפועל כ - 1200! החתונה נראתה כמו הפגנה של גוש אמונים. בני משפחתה של מלכה שהגיעו מצרפת לא ידעו איך לאכול את האירוע שנחגג מול עיניהם... מאות האנשים, התזמורת שמוקמה על גג המבנה בכיכר עמרם, והכיבוד הצנוע שהוזמן אבל חוסל טרם ההגעה לשולחנות. 
השולחנות והכיסאות שהיו אמורים להגיע לאירוע ע""י נהג משאית מחברון בוששו להגיע, ובבוקר החתונה יצא איצ'ה מעפרה לירושלים עם טנדר, והעמיס מבית הכנסת של אביו ברחביה את כל הציוד האפשרי שנכנס לרכב. איצ'ה ומלכה הקפידו לא להתראות שבוע לפני החתונה, ונפרדו בחתונה של חיה ויוסי רונד שהתקיימה שבוע קודם בכפר הרא""ה. אולם כשעצר ברמזור בצומת יפו/ק.ג'ורג', גילה לימינו ברכב לצידו את מלכה הכלה ומשפחתה העושים דרכם לחתונה... משם דהר לעפרה להספיק לפרוק ולהתארגן לחתונתה. 
את החתונה היה אמור לערוך הרב דרוקמן שהיה ח""כ באותה תקופה. אלא שהרב היה בחו""ל ונתקע בדרכו חזרה מאוסטרליה לארץ בטהרן במלון בשבת. בדרך לא דרך הצליח לחזור היישר להצבעה בכנסת שהתעכבה, ולחתונה הגיע ברגע האחרון כששקעה השמש.
לצלם שצילם את החתונה נגמרו סרטי הפילם באמצע החופה (שנפלה באמצע על קובי הורוביץ שהנחה אותה)... מצד שני, יומיים קודם התקשרו צוותי צילום מחו""ל למזכירות הישוב ע""מ לתאם כתבה על הישוב. ורדה שמחוני שענתה לטלפון אמרה שאפשר, אבל לא ביום שני, היות ויש חתונה בישוב. כמובן שגם הצוותים הגיעו לחתונה, וכך זכו בני המשפחה מחו""ל לראות את החתונה ב BBC...
בתחילת ימיהם בעפרה היו שניהם סטודנטים ולמדו מחוץ לישוב, מה שהצליח לגרום לקיום ההפגנה הראשונה בעפרה, אחרי שהיו שדרשו מהם לעבוד בישוב כמתבקש בחוקת הישוב. ביום ההצבעה בועדת הקליטה נעמדו חברים עם שלטי תמיכה בקבלתם לישוב על אף הלימודים. הזוג התקבל רשמית, ואיצ'ה המשיך לנסוע בסיטרואן הדה-שבו שלו ללימודי איכות הסביבה, מקצוע שעוסק בו עד היום. במהלך השנים עבד וניהל בבי""ס שדה עפרה, במדרשה, במשרד הבריאות, וניהל את המדור לניטור רעלים ברשות הטבע והגנים. הוא זה שהקים את איגוד ערים לאיכות הסביבה ביו""ש, וב 29 שנה האחרונות מנהל אותו.
מלכה לימדה באולפנים בעפרה. באולפן הסוכנות הראשון, ובאולפנים לעולי אתיופיה וצרפת. אח""כ עברה ללמד באולפן עציון בירושלים, שהוא גם האולפן הגדול בארץ.
קוריוזים רבים שמורים בארגז הזיכרונות שלהם על ימי עפרה הראשונים, ועל המרקם העדין והמתהווה של הישוב הקהילתי החדש שחיפש את דרכו. הם לא שוכחים את צירי הלידה שתקפו את מלכה בעיצומה של תפילת ר""ה, עת נכנסו לרנו 4 שחנתה צמוד לבית הכנסת הישן, ומהחלונות מלווים אותם המתפללים בצעקות ""נסיעה טובה"", ""שיהיה בהצלחה"" ו""בשעה טובה""...  את התורים וההמתנה המשותפת לטלפון היחיד שהיה במזכירות הישוב, והשיחות הפרטיות שהפכו לציבוריות בעקבות הסיטואציה המביכה. הנסיעות המביכות עם הבדיקות מהמרפאה לקופ""ח פרוז'ינין בירושלים, תחקירי ועדות הקליטה, הצבעת ""הפיג'מות"" (לאחר דיון סוער על פניו של בית הספר הגיעו להצבעה. ע""מ להגיע להכרעה יצאו חברים לבתי התושבים ושלפו אותם על פיג'מותיהם וחלוקיהן להשתתף ולעזור בהכרעה בהצבעה...) ועוד, אבל סופו של דבר מלכה ואיצ'ה מאושרים ושמחים בישוב, על אף ובגלל המורכבות הגדולה של תושביו. המגוון הגדול המאפשר לכל אחד להרגיש בנח ולמצוא את חבריו, משמח אותם מאוד.
מלכה היתה כ 10 שנים בוועדת קליטה בישוב, מלמדת ומעבירה שיעורים ועוזרת בקליטת העולים. איציק היה כמה פעמים חבר במזכירות הישוב, יו""ר המזכירות, ומעורב רבות בנעשה בישוב.
תודה לכם מלכה ואיצ'ה, המשיכו ליהנות ממשפחתכם הרחבה והמתרחבת, בבריאות ושמחה, ואנחנו נזכה להמשיך וליהנות מתרומתכם הנהדרת לישוב.
אוצרים זכרונות - ברוך גרינברג","https://www.facebook.com/share/p/1AuTHGFiFV/","images/מאיר מלכה ואיצ'ה.jpg"
"32","מיכאלי","שרה ז""ל","","שרה מיכאלי, רח' אמונים.
סבתא שרה נולדה בטרנסילבניה שברומניה, חבל ארץ על גבול רומניה הונגריה. כשפרצה מלחמת העולם גורשה משפחת רוזנטל מביתה והם החלו לנדוד, מחפשים אחר מסתור. חצי שנה היו סגורים במתחם של ארמון שהפך למעין כלא ממנו לא ניתן היה לצאת, משם הצליחו להגיע לכפר צוענים, שם מצאו בית קטן והתגוררו בו. אמנם בתנאים קשים, אלא ששם לא חיפשו אחריהם. 
אביה נלקח לעבודה מחוץ לכפר וחזר רק לעיתים רחוקות, כך שעיקר פרנסת המשפחה נפלה על אמה ואחיותיה הגדולות שעבדו בתפירה. התנאים היו קשים, אבל היא לא זוכרת שרעבה ללחם.
בדצמבר 47 כשהיא כבת 14, עלתה עם הוריה ושניים מאחיה על אוניה בדרכם לעבר ארץ ישראל. 2 אחיותיה הגדולות עלו שנתיים קודם לארץ. בדרך נעצרו ע""י האנגלים, והועברו למחנה מעבר בקפריסין. חצי שנה היו בקפריסין והתגוררו באוהל ובצריף. הילדים השתתפו בפעילויות נוער ובנ""ע, ובאופן כללי מלבד גדרות התיל והאנגלים שמסביב שהעיבו על האווירה - היא לא זוכרת את התקופה כקשה. 
~
אחרי חצי שנה הוקמה המדינה, האנגלים עזבו את הארץ, והם עלו ארצה לבית עולים שבפרדס חנה.  
3 חודשים שהו במקום עד שיום אחד הגיע מישהו והכריז :  
""מי שרוצה לגור ביפו – שיעלה על המשאית""... 
אמה ארזה במהירות את מטלטליהם המעטים במזוודות, והם עלו על המשאית ליפו. כשהגיעו לשם, הורדו ליד משרד שהיה אחראי על חלוקת הבתים.
מכיוון שהיו עם 3 ילדים, אפשרו להם לבחור בית עם 3 חדרים. שרה ואחיה החלו לעבור בין הבתים הערביים הנטושים, ולאחר כמה שעות מצאו בית. אמנם מוזנח מאוד, ללא חשמל מקלחת ושירותים, אבל נחמד, ומתאים לצרכיהם. 
אביה דאג לשיפוץ הבית, ואמה החרוצה סידרה אותו יפה, כך שהיו מאוד מרוצים. 
זמן קצר לאחר שהגיעו ליפו, פגש אביה חבר שהכיר בעבר. החבר סיפר לו שיש לו עסק צורפות,  והזמין את ילדיו לבוא לעבוד אצלו. היות וההורים לא עבדו, החלה שרה ואחיה לעבוד אצל החבר בבית המלאכה שלו. 
לאחר זמן, בזכות האחות הגדולה שהייתה חיילת, קיבל אביה זכאות לפתוח חנות. למרות שעד אז ""ראה דגים רק בצלחת"", פתח עם שותף חנות דגים שפרנסה את המשפחה.
כיון שעבדה, השלימה שרה את השכלתה בבית ספר ערב של הנוער העובד שהיה קרוב לביתם. למרות שאפשרו לה ללמוד רק תקופה קצרה, הצליחה להשלים חומר וללמוד עברית ושאר מקצועות.
~
ממול ביתם ביפו גר בחור בשם צבי מיכאלי, ניצול שואה צעיר שבגיל 18 איבד את כל משפחתו באושוויץ. הוא עלה ארצה אחרי המלחמה והתגייס לצה""ל. לאחר שחרורו החל לעבוד בתעשייה הצבאית.
יום יום ראה צבי מחלון ביתו בחורה נחמדה יוצאת מבית השכנים לעבודה, והיא מצאה חן בעיניו. היות והיה ביישן, לקח לו זמן עד שתפס אומץ ופנה אליה. 
לאחר שהכירו, החליטו להתחתן.
צבי היה בחור מסודר ומחושב. כחייל משוחרר זכה בהגרלה בזכות לרכישת דירה, הוא חסך ורכש דירה באזור ""יד אליהו"" בת""א, ולשם ניכנס הזוג הצעיר לאחר חתונתם.
36 שנה עבד צבי בתעשייה הצבאית, והיה עובד מסור ואהוב על כל חבריו לעבודה. 
שרה עבדה בבי""חר ליהלומים בבני ברק, עד שנולדה בתה הבכורה יפה, ומאז נשארה בבית וגידלה את יפה ומוישי שנולד אחריה. 
- ""שניהם ילדים טובים, שהצטיינו בכל דבר שעשו, גם בלימודים, מאז שהיו ילדים וגם אח""כ""... 
10 שנים התגוררו ביד אליהו, וכשכל משפחתה של שרה עזבה את יפו ועברה לבת ים, החליטו להצטרף אליהם ועברו גם הם לשם. את בת ים היא זוכרת לטובה, במיוחד את הקרבה הנוחה לבתי הספר, סניף בנ""ע, ובתי הכנסת הרבים שהיו בשכונה. כשהתבגרו החלו במשפחה לנסות לשכנעם להתקרב אליהם לעפרה. כשתמר נכדתם התקשרה לספר להם שהיא מפנה דירה בעפרה סמוך ליפה ומוישי, לא חשבו פעמיים ועברו לעפרה.
הם הספיקו להתגורר מספר שנים ביישוב, עד שצבי נפטר כשהוא בן 90. 
~
זכיתי, ומלבד השמחות המשפחתיות בהם השתתפתי כצלם ונפגשתי עם צבי ז""ל ושרה, היינו גם שכנים לספסל בבית הכנסת המרכזי. חוויה מרגשת בפני עצמה. צבי ז""ל היה תמיד שקט ומופנם, והתייחס באהבה רבה לכולם, כך גם לילדי שהתפללו איתי. יום אחד גיליתי שהוא יושב משום מה מאחורי, ולא במקום הקבוע לידי. כשראיתי שהדבר חוזר על עצמו גם בתפילות הבאות, שאלתיו לפשר הדבר.
מסתבר, שכשראה שאני יושב בתפילה עם 2 ילדים לידי, והשלישי על ברכי, החליט לעבור אחורה ולפנות להם את מקומו...
את קדיש היתום שאמר כשהוא חנוק, ואת הדמעות שהיו בעיניו בתפילת שחרית אחת, שלאחריה התברר לי שמדובר ביום השנה להירצחם של בני משפחתו באושוויץ, לא אוכל לשכוח. 
הוא לא דיבר הרבה על מה שעבר שם, אבל נתן לי לקרוא דברים שכתב למשפחתו, וזה הספיק כדי להכיר ולהבין קצת ממה שעבר על האיש הנעים והחביב הזה.
~
מה את אוהבת בעפרה? אני שואל את שרה.
הכל, היא עונה לי מיד. האנשים טובים, השכנים נחמדים, כולם מתייחסים יפה, ולא הייתי יכולה לבחור מקום טוב יותר לעבור ולגור בו. ""הנה, רק אתמול נכנסה שכנה והביאה לי פרחים שקטפה בגינה ""... 
אבל הכי הרבה נהנית סבתא שרה מקרבתה לשני ילדיה ולמשפחתם המורחבת, משפחות גיסר ומיכאלי, לנכדיה ולניניה הרבים כי""ר שחלקם גם גרים בישוב.
כשאני מנסה לרכל אתה קצת מענייני דיומא, ושואל לדעתה על החלטתו של הרב אבי לפנות את מקומו כרב הישוב, אני מקבל תשובה שמעלה בי חיוך: 
- ""לא שאלו את דעתי, ואין לי זכות להתערב. אבל הוא נשאר אותו הרב אבי""...
~
היום הוא יום הולדתה של סבתא שרה, ואנצל בשמחה את הבמה לאחל לה אריכות ימים ושנים בבריאות רבה וטובה, שתזכה לשמחות רבות במשפחה הגדולה שהקימה, ולראות דור ישרים מבורך. 
וכמובן שתמשיך ליהנות מאתנו, שכניה, לפחות כפי שאנו נהנים ממנה.
מזל טוב, עד מאה ועשרים!
.
אוצרים זכרונות - ברוך גרינברג 
#עפרה_על_הספה.","https://www.facebook.com/share/p/1CyLvZV5uU/","images/מיכאלי שרה ז''ל.jpg"
"33","מלחי","נתי וענת","1986","","","images/מלחי ענת ונתי.jpg"
"34","מלכי","ניסים וחנהלה","2009","","","images/מלכי ניסים וחנהלה.jpg"
"35","מנור","יוסקה וחנה","1977","","","images/מנור יוסקה וחנה.jpg"
"36","מנשה","גדעון","2000","","","images/מנשה גדעון ולאה.jpg"
"37","מנשה","רותי","2005","שמשון ז""ל ורותי (Ngaihlun) מנשה. שכונת פנינת חן.
משפחת מנשה הגיעה לעפרה מחבל מניפור שבצפון מזרח הודו. 
על ישראל חלמו ודיברו שנים, אולם הראשון מהמשפחה שהצליח לעלות ארצה היה הבן יהושע שהגיע לעפרה בשנת 2000. שנתיים אח""כ הגיעה גם דבורה, הבת הצעירה. זמן קצר אח""כ הופסקה עליית בני המנשה בהחלטת ממשלה. כחייל, היה זכאי יהושע לביקור הורים, וכך השיג אישור מיוחד בעזרת ארגון שבי ישראל, והוריו הגיעו לביקור עם אשרה של חודשיים. שמשון, אבי המשפחה סבל מסכרת שלא טופלה בהודו. כשהגיעו לארץ התפרצה הסכרת ומצבו החמיר מאוד. מהר מאוד התדרדר המצב  והוא החל טיפולי דיאליזה. היות ולא היה להורים ביטוח רפואי, נאלצו לשלם את כל הטיפולים מכיסם. כל חסכונותיהם של יהושע וחגית, הפיצויים מגירוש קטיף שקיבלה חגית, ורוב המשכורת הצנועה של יהושע הופנו לטיפול היקר. שלש פעמים בשבוע נאלצו לבצע טיפול, כשכל טיפול עולה 2500 ש""ח. כשכלו את החסכונות נטל יהושע הלוואה (שמשולמת עד היום...) שהופנתה גם היא לטיפול. בשלב מסויים נכנס יהושע לד""ר שמש, מנהל היחידה לדיאליזה בבי""ח שערי צדק, ופרש בפניו את המצב הקשה בו הם נמצאים. ד""ר שמש שירבט משהו על פתק נייר ונתן לו להעביר למחלקה, ומאותו רגע פסקו דרישות התשלום מבית החולים!...
שנתיים גרו רותי ושמשון בקרוואן שהוקצה להם למגורים בעפרה, תוך שהם ממשיכים בטיפול, כאנשים טובים בישוב עזרו מדי פעם בהסעה לבית החולים. בי' בשבט תשס""ח נפטר שמשון בביתו ונקבר באדמת בעפרה.
רותי עבדה בעבודות מזדמנות בישוב, כשבשלב מסויים אירגן לה הלל טיירי מקום עבודה קבוע באולפנא, שם היא עובדת עד היום.
כל אותו זמן נשארו בהודו 4 ילדיהם הנוספים. בשנת 2010 סיפר יהושע לישראל הראל על המצב הלא פשוט של המשפחה שלא מצליחה להתאחד. ישראל קישר אותו לח""כ עתניאל שנלר שהעביר את הפניה לשר הפנים דאז אלי ישי. 
חלפו כמה חודשים, ואז במהלך נסיעה של יהושע וחגית לניצן, התקבלה שיחה מפתיעה מעוזרו של אלי ישי - יש אישור!
יהושע וחגית צרחו מאושר, ובתוך שבועיים הגיעו לארץ שאר האחים והמשפחה התאחדה. לאחד מילדיהם קראו חגית ויהושע - הראל, כהכרת הטוב לישראל הראל שבעזרתו הונע המהלך והמשפחה עלתה לארץ.
כיום מתגוררת הבת דבורה בקרית ארבע, ולה 4 ילדים. 
עמיחי מתגורר בעפרה ולו 4 ילדים, ויחד עם רותי מתגוררים עז, אבישג ואליעזר. שלושתם ממשיכים את המסורת של יהושע ועובדים במחלקת הביטחון בישוב.  חגית יהושע וילדיהם גרים בשכנות.
ובנימה אישית, וידוי קטן... כצבר יליד הארץ, יהושע מעלה דמעות בעיני בכל פעם מחדש. הכרת הטוב כמו של משפחת מנשה קשה למצוא. הצניעות והפשטות, קבלת הטוב והרצון ללמוד, הם דבר שקשה למצוא בימינו. שנים עבדנו יחד, ואני לא זוכר ששמעתי תלונה על משהו, תמיד מאיר פנים גם כשבסביבה נשמעות לא אחת הערות פוגעות. אני מודה שאני בוכה מהתרגשות בכל פעם מחדש כשאני נזכר בדברים שכתב והודה לה' על המים הזורמים בברזים, ועל כך שנמצא בארץ ישראל, שכן כילד היה שואב מים מהבאר בהודו. הלואי ונדע גם אנחנו לא לקבל כך כל דבר כמובן מאליו, ולראות הכל בעין טובה.
תודה משפחת מנשה על שזכינו להיות שכנים, ועל העין הטובה והכרת הטוב שאתם מלמדים אותנו. הלואי ונהיה ראויים ללימוד הזה.
הרבה בריאות לכל המשפחה.
אוצרים זכרונות - ברוך גרינברג","https://www.facebook.com/share/p/1DeWBtVYsq/","images/מנשה רותי.jpg"
"38","נגל","נתן ומרים","1986","","","images/נגל מרים ונתן.jpg"
"39","נוי","רותי ואריה","1983","רותי ואריה נוי. רח' מקימי הגדר.
משפחת נוי הגיעה לעפרה בשנת 83. לפני הגעתה לעפרה גרו בקיבוץ חפץ חיים. כשהחליטו לעזוב את הקיבוץ החלו לחפש את המקום בו יקימו את ביתם החדש. באותה תקופה קיבל אריה פרוייקט של בניית חדר האוכל בקיבוץ, והמעבר בפועל נידחה לסיום הפרויקט. זה גם היה הזמן בו החלו לבדוק חלופות. מטעמים מובנים ופנים קיבוציים כמובן שכל ההליך בוצע בחשאיות מוחלטת, ע""מ לא לפגוע במרקם החיים בקיבוץ... הרצון היה לשנות אוירה, ולתרום להתיישבות. וכך מצאו עצמם נעלמים מדי פעם מהקיבוץ לסיור בין היישובים בשומרון ובנימין. את עפרה הכירו בגלל חברים רבים שגרו במקום. רותי למדה עם נעמה גרנית ועם אסתר בן נון, ובישוב היו להם חברים נוספים. כשהסתובבו בישוב וראו את הפשטות והסולידיות של המקום, ואת המרקם האנושי, נפל הפור על עפרה.
בשקט בשקט, בלי שהדבר יגרום להדים בקיבוץ, ביקשו ועדת קליטה, שהתכנסה בבית משפחת גרנית. שלא יראו... בשבת בה ביקשו להתארח בעפרה, מצאו עצמם ללא רכב מהקיבוץ, ומנחם גרנית הגיע לקחתם, וגם החזירם במוצ""ש. התשובה מועדת הקליטה בוששה לבוא, הקיבוץ כבר קיבל הודעה על העזיבה, והם מצאו עצמם מודיעים לחברי ועדת הקליטה - אם לא נקבל תשובה, ניאלץ לעבור לאפרת לביתו החדש של אחיה של רותי  שהסכים להמתין עם המעבר לשם... הדברים (ואולי גם הלחץ של גרנית...) עשו את שלהם, ותוך 3 ימים הגיעה תשובה חיובית, ובקיץ 83 הגיעה המשפחה לביתה בעפרה.
לילדים הגדולים לא היה קל עם עזיבת הקיבוץ, ולמשך תקופה חזרו כל אימת שיכלו לקיבוץ, עד שהפנימו שהם כבר לא חברי קיבוץ וחזרו הביתה לעפרה. 
בשנה הראשונה להגעתם עבדה רותי במעון כממלאת מקום לכוכבה פומרנץ, ואריה היה מנהל אחזקה של מעלה אדומים המוקמת. לאחר מכן שימשה רותי כמזכירת פנים של עפרה, וכשהרב יואל בן נון החליט להקים את האולפנא, פנה אליה שתבוא לפתוח מגמת בישול וללמד בה, ולהיות אם בית. (רותי נבחרה לתפקיד היות ולדעת הרב יואל הדבר לא היה אתי להציע אותו לאישתו אסתר...). כמזכירת פנים עזרה לרב יואל בהקמת האולפנא, ואז עברה לעבוד בה, ללמד ולנהל את המטבח, תפקיד שעשתה 26 שנה. במקביל לתחילת עבודתה באולפנא, מכיוון שחששה שחזונו של הרב יואל לא יספק להם מספיק פרנסה,  פתחה במקלט שליד קדמון (גמ""ח הכלים של נעמה קפלן) יחד עם מזל נאומבורג את ""חנות המתנות של רותי ומזל"", מה שהיום ""מתנוי"". כל אחת מהן השקיעה 400 שקל, ובברכת פרנסי הישוב נפתחה החנות. ""שיהיה מה לעשות בפנסיה""... לאחר הקמת מעלה אדומים תיפקד אריה כמזכיר של כמה ישובים בסביבה.
תודה למשפחת נוי שהסכימה לארח את הספה בגינתם המטופחת והצבעונית.
תודה על שנים רבות של פעילות בישוב. וכמובן שכולם מוזמנים לבקר בחנות שבמרכז המסחרי...
אוצרים זכרונות - ברוך גרינברג","https://www.facebook.com/share/p/1CQ1qkZ3yd/","images/נוי אריה ורותי.jpg"
"40","נתן","מנוחה ומשה ז""ל","1975","מנוחה ומשה נתן, רח' המטע.
~
מנוחה ומשה הגיעו מאנגליה/קנדה (מנוחה) ומאוסטרליה (משה), נישאו בארץ והתגוררו באשדוד. בשנת 1975 החליטו שהם מעוניינים להתיישב במקום חדש ביהודה ושומרון.
מבחר לא היה, ובדיוק באותה התקופה הוקמה עפרה, כך שהם ארזו את מטלטליהם ואת 3 ילדיהם, דינה אהרן ועמי ועלו לעפרה. קרן, הרביעית, נולדה כבר בעפרה.
משה, מכונאי מטוסים בתעשיה האוירית, לקח חופשה מהעבודה והיה ממקימי הגדר במחנה העבודה בבעל חצור. 
בתחילה התגוררו באזור האולפנא באשקובית, ומשם עברו מאוחר יותר למבנה שבכיכר האולפנא כיום, והיו שכניהם של משפחת אלון.
כשזכתה מנוחה בתחרות הגינה היפה של עפרה, שתלה את הפרס שקיבלה     - עץ דקל - בשטח האולפנא, שם עמד ונישא בגאון שנים רבות.
מנוחה עבדה בתחילה בבית הדפוס של דוד קאפח, ששכן במבנה של ""הס הנדסה"" כיום. לאחר זמן עברה למשרד המדידות של יעקב ארליך, שם עבדה שנים רבות.
במקביל לעבודתו בתעשיה, ניצל משה את כישוריו כטכנאי ואת אהבתו הגדולה לכלי רכב, והיה אמון על ""צי"" הסוסיתות והרום כרמל ששירתו את תושבי עפרה בראשית דרכה. אהבה גדולה נוספת שלו היתה אופנועים, ורבים מתושבי הישוב זוכרים את הטיפולים ואת מסעותיו על הכלי הדו גלגלי. 
אהבה זו עברה בגנים, ובניו ידועים כחובבי רכב וכאספנים. אהרן ועמי הקימו את המוסך בעפרה. בשנים האחרונות מנהל אהרן את המוסך, ומספק במסירות ובנאמנות שירות לתושבי עפרה והסביבה.
לאחרונה נוסף דור שלישי לחובבי רכב, כשאלון הנכד הצטרף לאביו אהרן ולצוות המוסך.
פרט טריוויה נוסף וחשוב - בתחרות לעיצוב סמל הישוב עפרה זכתה מנוחה במקום הראשון. בסמל שעיצבה כלולים סממניה המובהקים של עפרה:
חקלאות, תעשיה ומנורת קנים, וכולם חוסים תחת גג הרעפים המפורסם של הישוב.
מנוחה ומשה אוהבים את עפרה, את החברה והנוף היפה שסביב לה, ונהנים מהנכדים והנינים שחלקם גרים בישוב. 
ובעתיד? ""שימשיכו את התפתחות הישוב, ושיהיה אכפת לאנשים מהישוב ומהתושבים"" מאחלת לנו מנוחה.
תודה לכם מנוחה ומשה, הרבה בריאות.
~
אוצרים זכרונות - ברוך גרינברג
#עפרה_על_הספה","https://www.facebook.com/share/p/195a8BR5tJ/","images/נתן מנוחה ומשה ז''ל.jpg"
"41","סימן טוב","עדנה ומאיר","1980","עדנה ומאיר סימן טוב, רח' הסלע.
את עפרה הכירה עדנה במסגרת תפקידה כמש""קית מורות חיילות. כמה מהחיילות עליהן היתה אחראית שירתו בעפרה ובסביבה, ביניהן ללוק פרומקין, מרב גולד, ומיכל כהנא, כך שעפרה היתה במסלול הביקורים שלה. 
מאיר הגיע לעפרה לראשונה כשהצטרף לעדנה כשנסעה להיפרד מהבנות בסוף השירות.
""מה זה החור הזה""? שאל, כשראה את המקום...
הם התחתנו בשנת 78, גרו בירושלים, והחליטו לרכוש דירה. הימים היו ימי האינפלציה הגדולה, וכשהבינו שמדובר במשימה לא פשוטה ניסו את מזלם בכמה מקומות. חלקם לא מצאו חן בעיניהם, וממצפה יריחו הם עדיין מחכים לתשובה מועדת הקבלה... 
בסופו של דבר הוחלט על עפרה. 
עדנה היתה בשמירת הריון עם אלעד, כך שבחודשים הראשונים הגיע מאיר לבדו לישוב. הוא עבד עם גבי ז""ל בחצרנות, ונשאר לישון בחלק מהימים. 
בט""ו באב תש""מ ביום שנולד אלעד, בעיצומן של חגיגות החמש לעפרה, הם הגיעו לישוב. 
בתקופה הראשונה המשיך לעבוד בחצרנות, וממקור ראשון שמעתי לראשונה כיצד נכנס לתקנון הבניה סעיף הארובה האדומה…
מעשה שהיה, כך היה - בתקנון הבניה חוייבו הגגות להיות אדומים. באחד הימים נכנס למחסן הישוב משה מרחביה. הוא סיפר ששיפץ את הארובה בביתם, וביקש מעט צבע אדום לצביעת התיקון סביב הארובה. מאיר וגבי נתנו לו צבע, וכשחזר בערב להחזיר את הדברים סיפר להם משה  על צביעת התיקון, והוסיף כי משאריות הצבע האדום המשיך וצבע קצת את הארובה. והנה הפלא ופלא - הארובה נראית נפלא באדום, ולדעתו - על כל הארובות מעתה והלאה - להיות צבועות באדום...
וכך נכנס לו הסעיף לתקנון. 
בהמשך עבר לעבוד עם יאיר בשן ז""ל בביה""ס שדה, ולאחר מכן הפך עצמאי, ומאז ועד היום עובד בתחום החשמל. יחד איתו עובד פארוק, איש אמונו וסודו כבר 35 שנה, שהפך לחלק מהמשפחה. 
עדנה עוד המשיכה לעבוד תקופה קצרה בעיריית ירושלים כמנהלת חשבונות, אבל למרות נהג האוטובוס הג'ינג'י החביב שהיה צופר להודיע על בואו, ואוסף אותה מהבית, די מהר התייאשה מהנסיעות המתישות. היא עזבה את העבודה בירושלים ועברה לעבוד במתנ""ס המועצה ובחל""פ כמנהלת חשבונות. כדרך אגב הם מסבירים מדוע נקבעה שעת תפילת ערבית (עד היום) בישוב ל 20:30- תחנת האוטובוס היחידה מוקמה צמוד לבית הכנסת (מבנה ""לשון לימודים"" כיום). האוטובוס מירושלים היה מגיע לעפרה ב 20:30, והנוסעים היו יורדים הישר לתפילת ערבית. כך נקבעה לה לדורות שעת התפילה בגלל אוטובוס אגד.
תקופה מסויימת גרו בקראוון, משם עברו לבית ב""דיור לעולה"" שפינו גרנית ליד שובה. כשאלעד היה בן 4 עברו לבית הקבע בו הם מתגוררים עד היום, שהיה אז בקצה הרחוק של הישוב, מול הסלע הגדול.
בשנת 89, כשלהם שלושה ילדים נולד אחיקם. כשהיה בן 7 חודשים, בשיא האנתיפאדה, הושלכו אבנים על רכבם בדרך לעפרה. אחיקם נפגע מסלע בראשו ונפצע אנושות. הוא היה אחד מהפצועים הקשים הראשונים באינתיפאדה. 
חייהם השתנו, והוקדשו לשיקומו. בתחילה היו נוסעים יום יום לטיפולים באלי""ן בירושלים. כשהיה בן 3 הרגישו שהדרכים המסוכנות הפכו את הנסיעות לסיוט והקשו על תהליך השיקום, והם עברו לשכונת רמות בירושלים בסמוך לגן השיקומי. לאחר 4 שנים חזרו לעפרה. עדנה מספרת שכל שעמד לנגד עיניה היה להביא את אחיקם למצב שיוכל לחיות חיים נורמליים ורגילים ככל שניתן. היא הפכה עולמות עבורו,  ודחפה להקמת מסגרות מתאימות, כשאחת התוצאות לפעילותה יחד עם הורים נוספים, היא הקמת ""לב בנימין"", למרות שאחיקם עצמו לא הספיק ליהנות מכך. 
בשנים שלאחר מכן הספיקה עדנה עוד לעבוד תקופה בלולים, ואח""כ כמנהלת המרפאה, תפקיד בו היא מחזיקה עד היום.
מאיר מילא מספר תפקידים במזכירות הישוב, והיה חבר בוועדות בניה ובוועדת קבלה. הוא מעיד על עצמו כאחד שאוהב לשים על השולחן דברים כהווייתם. מכיון שכך, דאג תמיד להעמיד בפני הבאים לעפרה את המצב כפי שהוא, מבלי לייפות אותו. כך, מי שמחליט להגיע יודע לאן הוא בא, ולא כל משבר קטן יבריח אותו מהישוב.
בנוסף חבר מאיר בחברה קדישא בישוב. 
מאז הוקם בי""הכנ הספרדי ""מזמור לדוד"" הפך להיות מעמודי התווך של ביהכ""נ, והוא תורם רבות מהונו ואונו למקום.
כשהתחלתי את השיחה איתם, טרחו עדנה ומאיר לציין שהגעתם לעפרה לא היתה ממניעים אידיאולוגים. ברגע הראשון שמחתי לשמוע שאנחנו לא היחידים… אלא שבמחשבה שניה, כשכבר מעל 40 שנה שהם מאירים את הישוב, תרמו ותורמים רבות להוויית המקום, דואגים לבריאותינו, עוסקים בחסד של אמת, ו- 4 מילדיהם נשואים ומתגוררים בעפרה, אז מה זו אידיאולוגיה אם לא זו…
תודה משפ' סימן טוב בשם כולנו על כל הטוב הזה, ולואי שנזכה יחד לעוד הרבה שנים ולהרבה טוב בבריאות.
אוצרים זכרונות - ברוך גרינברג","https://www.facebook.com/share/p/1Ch7CxBxim/","images/סימן טוב מאיר ועדנה.jpg"
"42","עציון","יהודה וחיה","1975","","","images/עציון חיה ויהודה.jpg"
"43","פוזס","שלמאי ויפה","1978","יפה ושלמאי פוזס, רח' ט' באייר.
ידיעה קטנה בשנת 78 בעיתון הצופה, תפסה את עיניהם של יפה ושלמאי.
""בישוב עפרה מחפשים מורים...""
עוד נאמר בידיעה, שבעתיד מתוכנן ענף חקלאות בישוב.
יפה מורה במקצועה, והמשרה התאימה לה. שלמאי סטודנט ללימודי א""י והיסטוריה יהודית, אבל חלומו היה להיות חקלאי. אביו של שלמאי היה ת""ח ובעל הסמכה לרבנות מגדולי ישראל באירופה, ועלה ארצה ב 49 מאזור רוסיה/פולין. מלבד היותו רב, היה גם ציוני גדול והוא חלם לעסוק בחקלאות, ואף הצליח לעשות זאת תקופה מסויימת בכפר הרא""ה. את החלום הזה הוריש לבנו היחיד.
בעקבות מכתב ששלחו לישוב הוזמנו לועדת קבלה, שם חזרו ואמרו להם שבתכנון לפתח חקלאות באזור. 
בר""ח אלול תשל""ח הגיעו לעפרה, והיו מ 30 המשפחות הראשונות בישוב.
בתקופה הראשונה המשיך שלמאי ללמוד, ובמקביל עבד בעבודות מזדמנות בישוב החדש. הוא עבד במסגריה של חגי ברוכי וניסים ארז, בהדפסה אצל דוד קפאח ועוד. בשלב מסויים הוכשרו בעפרה בעידודו של אריק שרון שטחים שהוקצו לגידול פטריות. לפרויקט נרשמו מס' משפחות, וביניהן משפחת פוזס. בנסיון ללמוד את החומר נסעו למושב מעונה שם גידלו כבר פטריות. המפגש לא היה מוצלח, והם חזרו מהנסיעה עם החלטה שלא להמשיך עם הפרויקט.
יהודה עציון החזיק במטע קטן במקום בו עומדת שכונת הכרם כיום, ומדי פעם ניסה למשוך אליו את שלמאי. לאחר שלא יצא לפועל פרויקט הפטריות, התחיל שלמאי לעבוד עם יהודה, והם גידלו גודגדנים, דובדבנים, ושזיפים. המטע היה של הישוב, והמשפחות השתתפו בעבודות. בכל שנה היה מגייס תלמידי ישיבה ותיכונים ממבשרת ומירושלים לעזרה בעבודות. 
בשנת בתשל""ט החלו בהכשרת קרקע לנטיעה בגבעון. השנה היתה ערב שמיטה, וכל הישוב גוייס לטעת 50 דונם אפרסקים ונקטרינות. עם הרבה רוח חלוצית הצליחו לסיים את הנטיעות עד ר""ה. שטח נוסף הוכשר לעבודה, ולאחר דיונים בישוב הוחלט לחלקו למשפחות שיעבדו כל אחת חלקה של כ-15 דונם. בשנים הראשונות לא נתנו המטעים פרי והענף ולא הצליחו לפרנס את המשפחות. בשלב מסויים החליטו בישוב להפסיק את התמיכה בחלקות, היות והענף לא היה ריווחי. וחלק מהמשפחות שהיו חייבות מקור פרנסה, הפסיקו לעבוד בענף. בניסיון להציל את העסק, הציע שלמאי שהכנסות היבול הראשון והשני ילכו לעפרה ע""מ לכסות את ההשקעה, ואח""כ למשפחות. הם הקימו אגודה שנקראה ""פירות ארץ בנימין"" ששלמאי ניהל תקופה ארוכה. בתחילת שנות ה-2000 הלכו התשומות ועלו, מחיר הפרי נשאר אותו דבר, והריווחיות ירדה, ובסוף 2004 החליטו כל המשפחות לעזוב את הענף ושלמאי נשאר לבדו. 
מבחינתו היה זה מפעל חיים. הוא הקים בית אריזה גדול, למד והביא מארה""ב טכנולוגיה להקמת בית קירור לאיחסון ענבים לפרק זמן ארוך, וכך יכלו להתחרות בענבי חברון, ולמכור ענבים בט""ו בשבט. כל המשפחה היתה מגוייסת לעבודה.
עד לפרישת המשפחות הם עבדו בשטח הגברים והנשים, היו מביאים את הילדים הקטנים לעבודה, והסתובבו יחד בכל הארץ למכור את הסחורה. שנים ארוכות החזיק את השטחים, נטע כרמים ונקטרינות והחזיק את הגידולים לבד. תושבי האזור הערבים מתייחסים אליו כאל מוכתר, וכמה מהם אף קראו לילדם ""סלמן"" על שמו. קשריו הטובים עם הערבים בסביבה עזרו לו במשך השנים. כך כשנגנבו לו טרקטורים והוחבאו בשטחי הרשות, גייס כמה מחבריו שעזרו לו, ובמבצע חצי צבאי הצליחו להחזיר אליו את הטרקטורים (לאחר שנפרד מסכום כופר לא מבוטל...).
יפה עבדה בעפרה בהוראה, וכשנולדו ילדיהם עזבה את העבודה ונשארה לגדלם. כל זה במקביל לעזרה לשלמאי בחקלאות. כשגדלו חזרה לעבוד בעבודות בהן יכלה לחזור הביתה בצהריים. היא עבדה בלולים, במפעל התה של חנוך אלון, ובאולפנא. כשגדלו עוד - יצאה לעבוד בבית אל בישיבה התיכונית.  בשלב מסויים עשתה הסבה ולמדה אימון (קואצ'ינג), ועבדה בתחום הפרטי כ 10 שנים. כיום היא משלבת את הידע שלה בעבודה עם ילדים בבי""ס נחלת בנימין. 
כיום, לאחר שנים ארוכות של התמסרות לחקלאות, מנהל שלמאי את החלקות בגבעון עבור יקבי ציון. החקלאות עבורו היא מפעל חיים, והוא שמח מכל רגע שהוא בשטח. הם שמחים בעפרה, ומודים על היותם חלק מקהילה תומכת, שידעה להיות לצדם גם בתקופות קשות.
ובנימה אישית... כמי שזוכה לשבת בימים כתיקונם בספסלים שמאחורי שלמאי בבית הכנסת, אני מודה שכבר שנים אני מעריץ סמוי. בכל בשבתות ובחגים אני מתפלל שיבקשו משלמאי לגשת לפני העמוד. השילוב של העדינות, הצניעות והקול הנעים הופכים אותו מבחינתי לבעל התפילה האידיאלי. לשמחתי זכינו וגם בתקופת הקורונה כיבד אותנו במניין הרחובי בכמה תפילות, שהמתיקו במעט את התקופה ההזוייה הזו.
היום ט' באייר, הוא יום הקמת עפרה. לכבוד הוא לי להושיב את משפחת פוזס על הספה ביום שכזה.
תודה לכם על המסירות, על ההיאחזות בקרקע, על עבודת האדמה, ועל ההקרבה הגדולה במשך השנים.
הרבה בריאות ונחת.
אוצרים זכרונות - ברוך גרינברג","https://www.facebook.com/share/p/14vYijUN6r3/","images/פוזס יפה ושלמאי.jpg"
"44","פומרנץ","מויש וכוכבה","1981","כוכבה ומויש פומרנץ. רח' הגפן.
מויש הגיע לקיבוץ יבנה מארה""ב ב 1969 במסגרת תכנית הכשרה של בנ""ע, ולמד גאוגרפיה ותולדות עם ישראל בבר אילן. כוכבה הגיעה לראש צורים מב""ש במסגרת השירות הלאומי. השניים נפגשו בראש צורים ונישאו.
על עפרה שמעו מישראל הראל שהיה שליח בנ""ע בלוס אנג'לס, ומרחל פריד, שכנתם בראש צורים. לאחר הגעתם לעפרה נאלצו כרבים אחרים לעבור את משוכת ועדת הקבלה של הישוב... 3 תנאים לא פשוטים.
התנאי הראשון - עבודה ביישוב. מויש עבד כחצרן בבית הספר, וכוכבה כמנהלת ומטפלת במעון.
תנאי שני היה לצלוח בשלום שבת אירוח בישוב, ואת השאלון שממלאים המארחים על האורחים. כולל הסעיף המלחיץ: ""כיצד התנהגו הילדים""?...
תנאי שלישי היה שבוע עבודה ביישוב, בו נבחן מוסר העבודה של המועמדים.
אחרי כל זה, נשלחו לשלושה ימי עיון בנושא הישוב הקהילתי. המרצים הפלא ופלא היו כולם תושבי הישוב...
את תהליך הקליטה עברו בהצלחה, והנה, כבר 40 שנה שהם תושבי עפרה, והיא מדקלמת בשליפה את השיר ששרו לילדי הגנים:
""עפרה, עפרה, מה אוהב אותך,
כל ימי ונפשי, נתונים הם לך.
כל הלילה והיום, רק עליך אחלום,
עפרה, עפרה שבשומרון...""
במהלך השנים עבד מויש גם בגוש אמונים, כשפרויקט הדגל בו עסק היה ""פרויקט האלף"" במהלכו הובאו ליהודה שומרון ועזה יהודים מהתפוצות ע""מ ליצור חיבור למתיישבים. שנים ארוכות אח""כ עוד שמרו על קשר עם חלק מהמבקרים. 
על ימי העבר מספרת כוכבה סיפור מרתק. כשבנם צביקי היה צעיר, היה ברשותו סוס. במהלך הרכיבה באזור נוצר קשר חברי חם עם נער מעין יברוד הסמוכה. הם רכבו יחד באזור וביקרו רבות זה בביתו של זה. עם השנים נותק הקשר. דרישת שלום הגיעה כאשר ישראל הראל ביקר בכנס בארה""ב, כשלפתע ניגש אליו איש עסקים שקרא על התג אותו ענד ישראל כי הוא מישראל, סיפר לו כי יש לו חבר בעפרה, וביקש למסור ד""ש. כיום נודע להם שהאיש מנהל עסק גדול ומתגורר בדובאי, והם מנסים לאתר אותו ולחדש את הקשר. אז מוחמד אל חטיב, אם אתה קורא את הפוסט, משפחת פומרנץ תשמח לדרישת שלום...
כוכבה עוסקת גם באמנות, והיא נושמת עפרה. חלק גדול מעבודות האמנות שלה סובבות סביב הנוף הישובי. כשכנים קרובים לבית הכנסת המרכזי, מופיע הנוף הקרוב בציורים, ולאחר הצילום ליד הבית, ביקשתי רשותם ועלינו להצטלם ליד הנוף הנראה בציור.
משפחת פומרנץ, שתזכו לעוד הרבה שנים טובות של בריאות יצירה והתנדבות.
אוצרים זכרונות - ברוך גרינברג","https://www.facebook.com/share/p/1FWakeA7ML/","images/פומרנץ מויש וכוכבה.jpg"
"45","פסדר","רות ודוד","1992","רות ודוד פסדר. רח' הסלע.
פריס, שדמות מחולה, עפרה. 
ערב בר המצווה לבנם הבכור גמלה החלטה בליבם של רות ודוד, והם ארזו את עצמם ואת ארבעת ילדיהם, ומפריס הסוערת, המתורבתת (והאנטישמית...) עברו היישר אל החום הישראלי בבקעת הירדן והשתקעו בשדמות מחולה. אחרי שבננות ראו רק בסופר, התברר להם שבננות גדלות על שיחים, ותפוזים על העצים... הקליטה בשדמות מחולה היתה נהדרת וטובה, במיוחד לאור העובדה שלא היו עוד עולים, והם ""נאלצו"" להפוך לישראלים ללא הנחות. לאחר שמונה שנים טובות בשדמות מחולה ביקשו לעצמם שינוי. שכן משדמות מחולה (עופר דינר) סיפר להם על עפרה, אחיינית סיפרה שיש דירה להשכרה בעפרה, והם החליטו לבדוק במה מדובר. לרות, אמנית יודאיקה, היה תנאי - אחרי כמה שנות חלוציות באמצע שומקום היא רוצה להיות קרובה להוריה שגרו בירושלים, ובמקום בו תוכל להביא את כישרונה האמנותי לידי ביטוי וגם להתפרנס ממנו. ובכן, במבט ראשון עפרה לא ממש ענתה על התנאים... מה גם שהשנים היו שנות האינתיפאדה, והדרכים לא האירו פנים לנוסעים.
אבל מסתבר שמלמעלה מסובבים דברים אחרת. משפחת פסדר הגיעה לשבת אירוח בישוב, והמשפחות אצלן התארחו גרמו להם להגיע להחלטה: 
בין אנשים כאלו אנחנו רוצים לחיות ולגדל את ילדינו! 
נאוה ומשה כהן, וחיה ויוסי ויינר השאירו עליהם רושם כ""כ חזק שדוד התאהב במקום מיד, ורות הסכימה לנסות. חלוציות אפשר למצוא בעוד מקומות, ולא חסרות אדמות טרשים אותן ניתן להפריח. אבל אנשים עם לב עד השמים, ומעוררי השראה, אין בכל מקום. וכך אחרי שנים טובות בבקעה, בשנת 92 הגיעו לעפרה, והרגישו שהגיעו למקום עם לב.
רות מספרת שחלק מההצלחה הגדולה של הקליטה התבטאה בכך שהוריה, הרב חזן זצ""ל ואימה רוחמה ז""ל הרגישו מיד בבית בעפרה ותמיד אהבו להגיע, להתפלל בבית הכנסת בישוב ולפגוש את האנשים. עץ הצפצפה התמיר הגדל בחצרם והיה העץ הראשון ששתלו בביתם, היה אהוב במיוחד על אביה. (העץ המיוחד המיתמר למרחוק ומחליף צבעים ורקע, אהוב עלי במיוחד, והוא אחד מכוכבי הצילום שלי בעפרה. כשתכננתי את הצילום בבית פסדר  היה ברור שהוא משתתף...)
הרבה דברים גרמו להם להרגיש שעשו את החלטת חייהם כשהגיעו לכאן. בעקיפין, החל הישוב להרגיש את תרומתם הגדולה, מבלי שאפילו התכוונו לכך. דוד מספר שכשהיה בשירות מילואים יצא לו לסייר עם ז'אבו ארליך. ""זה מילואים שאחריהם אתה רוצה לחתום קבע""... ז'אבו הראה לו בתים בכפר ביתין ובעין יברוד עם שקע מזוזה במשקוף הדלת, ודוד הרגיש את החיבור למקום . לילה אחד בשעת סיור שמירה בעפרה הראה לו ז'אבו שביל, וסיפר לו שהדרך נקראת ""מתרוקה"", שפירושה בתורכית - דרך הרבים. זהו הקו עליו עומד קו החשמל של עפרה. השם מציין מקום שאינו שייך לאיש והוא דרך הרבים, כפשוטו. כשתהה דוד מדוע נקרא איזור בעפרה בשם תורכי, החליטו - לאחר שרגע קודם חצה את דרכם שועל - לקרוא למקום על שם הפסוק בשמואל ""דֶּרֶךְ עָפְרָה אֶל אֶרֶץ שׁוּעָל"", ומאז מוכר המקום כמעלה שועל, וזו הדרך העולה לעמונה. חידוש נוסף גרמה רות בעקיפין לשפה העפרתית בכך שייעצה לעמרם מאירי ז""ל איך לצבוע בצבעי פסטל את הבתים במתחם הקרוואנים שהוקם ליד נווה דוד, מה שגרם לעמרם להמציא את השם ""שכונת הגלידות""...
בשנת 2000 בזמן מהומות אינתיפאדת הר הבית היתה האוירה קשה, וגם עפרה סבלה מהמצב הלא נעים. באותה שנה היו אמורים לחגוג בר מצווה לבנם הצעיר. בגלל המצב הקשה בכבישים לא הגיעו האורחים, והאירוע לא נחגג. בשבת בר המצווה בזמן קריאת התורה עמדה רות בעזרת הנשים והזילה דמעות, ולא של שמחה. החברות בעפרה התארגנו, ובספונטניות הגיעו לביתם בסעודה שלישית, כל אחת עם מעשה ידיה, וארגנו מסיבת בר מצווה אותה לא שוכחת רות. הדמעות התחלפו לשמחה. באותה שנה בעידודה ובליוויה של ציפי לוריא ז""ל דחפה רות להקמת גלריה לאמנות בעפרה. למרות כל הסיכויים, ובתמיכתם של יהודה דינר ומיכל פינקל הוקמה הגלריה לאמנות. במשך כמה שנים הוצגה תערוכה חדשה של אמני עפרה בעיקר כמעט כל חודש. שמעה של הגלריה נפוץ, וגם אמנים מחוץ לעפרה הגיעו להציג בה. רות היתה המקימה, והאוצרת, דבר שהיה חדש לה, וקיבל חיזוק לאחר לימודים בסמינר הקיבוצים. וכך, למרות כל הסיכויים, בתקופה שאולי הכי לא התאימה, צמח פרויקט שהפיץ פתח והוציא החוצה את אמני עפרה והסביבה. במקביל, עובדת ויוצרת רות אמנות בסטודיו שלה.
דוד שמגיע מתחום ה IT והפיננסים עוסק כיום בפרויקטים מרתקים. ""לא הייתי מסוגל להגיע לזה, אם לא הייתי גר בעפרה"", הוא אומר. את הצעות העבודה בתחום הפיננסי המיר בעבודת חינוך והקניית ידע על מדינת ישראל ומפעל ההתיישבות, כשאת ההשראה הוא מודה שקיבל מהאנשים בישוב. הפשטות והגדלות של אנשים כמו אורי אליצור ז""ל, ויבדלו לחיים יואל אליצור ז'אבו ארליך ועוד חברים יקרים בעפרה, הביאו אותו לעסוק בהסברה ובהפצת יהדות וישראליות בעולם. יחד עם אהרן ליפקין הוא מארגן כבר למעלה מעשר שנים סיורים בארץ לקבוצות המעוניינות להכיר את הצד היפה של ישראל, ובין היתר  ויהודה ושומרון (קישור מומלץ, בתגובות). לאחרונה הוא מרים יוזמה מדהימה ברמה ארצית, של מייזם אינטרנטי גדול המאגד מידע על ישראל ב 40 תחומים שונים, עם כתוביות ב 10 שפות, ומראה את פניה היפות של ישראל ונותן כלים למאבק באנטישמיות העולמית (BDS) והפצת השינאה על ישראל. ILC -  Israel Learning Center - ישראל בעיניך.
המיזם אינו פוליטי ומדגיש את התהליכים, חלק מהם הקיימים מאות שנים, כגון בין היתר ערכי החינוך והמצוינות, המסבירים את ההצלחה היוצאת מן הכלל של עם החוזר לארצו אחרי אלפיים שנות גלות ואת מיקומה, אחרי רק 72 שנות קיום, בין המעצמות המשפיעות בעולם.
(גם הקישור למפעל הזה בתגובות). אם אתם מכירים משקיעים הרוצים לקחת חלק ביוזמה, שלחו אותם לדוד.
ובחיבור לימים אלו, תוך כדי שיחה, ותוך כדי התפילות לחברנו חולי הקורונה, נזכרה רות בהתרגשות איך בחנוכה לפני 15 שנה נרתם כל הישוב לתפילות לבריאותה, לאחר תאונת הדרכים הקשה שעברה. אל נא, רפא נא לה.
תודה לכם רות ודוד שכנים יקרים. הרבה בריאות, ושנזכה להמשיך ליהנות מתרומתכם לקהילה, לאמנות ולאמנים, לעפרה ולישראל בכלל.
אוצרים זכרונות - ברוך גרינברג","https://www.facebook.com/share/p/1HnZ7tNDvL/","images/פסדר.jpg"
"46","פרומקין","עמוס ואילה","1975/1978","","","images/פרומקין אילה ועמוס .jpg"
"47","פריד","רחל ויקי","1978/1980","רחל ויקי פריד.
רחל וגבי ז""ל הגיעו לעפרה מקיבוץ ראש צורים, כשלש שנים לאחר הקמתה של עפרה ולהם ילד אחד. כפי שחייבו תקנות הישוב באותה תקופה, היה על אחד מבני הזוג לעבוד בישוב, ולכן עבד גבי כחצרן, ורחל עבדה במעון. בעפרה נולדו להם 2 ילדים. לאחר 3 שנים, כשחמוטל הקטנה בת 8 חודשים בלבד, נהרג גבי בתאונת דרכים. רחל מציינת לשבח את התגיסותו של הישוב לעזרה בתקופה הקשה ההיא. הן בצד הנפשי והן בצד הטכני. אנשים טובים דאגו לקלוט אותה לעבודה, והיא עבדה אצל ניסים ארז, בדפוס של דוד קאפח, במלח""ם ובלול.
יקי ושרה ז""ל הגיעו לעפרה מקיבוץ שעלבים מעט אחרי שרחל וגבי הגיעו. בקיבוץ עבד יקי בענף הבקר, והיה גם מורה לחנ""ג ועוד. 
בזמן מלחמת יו""כ, תוך כדי השירות, החליט כי עליו לעשות משהו רציני יותר למען המדינה, ועבר לעבוד במשרד הבטחון. כשהחליטו לעזוב את הקיבוץ הגיעו לעפרה. שרה עבדה בבית הספר ויקי עבד באיזור. 
לאחר זמן יצא יקי לחופשת לימודים, שבמהלכה נהרגה שרה בתאונת דרכים, כשלזוג 5 ילדים. כמה חודשים אחר כך , בשנת תשמ""ו, 86, התאחדו המשפחות, ויקי ורחל התחתנו. בהרבה רצון, סבלנות וחכמה ניווטו את המשפחה החדשה והמאוחדת לכדי משפחה אחת גדולה. כמה שנים אח""כ נוסף גלעד למשפחה. 
מיד לאחר שיצא לפנסיה מעבודתו במשהב""ט החל יקי לעבוד ביד שרה, שם ניצלו את שליטתו בערבית. יקי לקח על עצמו את נושא תאונות הדרכים, ובמהלך השנים התנדב במשטרת התנועה, והשתתף בפורום פעולה במאבק בתאונות הדרכים. מאז שיצא לפנסיה ועזב את יד שרה ממשיך יקי התנדבות בכל הקשור לבטיחות בדרכים במשטרת התנועה, וכחבר במטה הבטיחות במועצה. בנוסף, נמצא גם בקשר התנדבותי בלב בנימין. את ידיעותיו בערבית הוא מנצל ללימוד השפה בחוגים, באולפנת עפרה ובמכינת לפידות. בנוסף עומד יקי גם בראש ועדת הצדקה של מטה בנימין.
רחל למדה תראפיה בגינון, ועבדה בתחום זה בבית הספר, ובהתנדבות ביד שרה במשך כ 10 שנים.
מאז שהוקם צמוד לעפרה בסיס צבאי, לקחה רחל על עצמה לדאוג לבטנם של החיילים, והיא אחראית על חלוקת עוגות לחילי הבסיס כבר 40 שנה. כשהוקם בית פיני בכניסה לישוב, לקחה על עצמה רחל גם את המשימה הזו. כל זה לא מפריע לה להתנדב גם בלב בנימין.
תודה לכם הזוג פריד על הדוגמא ועל שיתוף הפעולה. הרבה בריאות לכל השבט הגדול.
אוצרים זכרונות - ברוך גרינברג","https://www.facebook.com/share/p/1DZ21PEU6e/","images/פריד יקי ורחל.jpg"
"48","פרידמן","עפרה ורוני","1986","תקופה ארוכה של שיגרת עבודה דחקה הצידה את הפרויקט הלא גמור של ""עפרה על הספה"". מנסה להשלים פערים, והפעם עם זוג פרחוני במיוחד.
~
עפרה ורוני פרידמן. רח' הזית.
עפרה ורוני הכירו בקיבוץ שדה אליהו. עפרה בת הקיבוץ, ורוני שירת במסגרת הנח""ל. כשהיתה בשמינית ראה אותה מחלון חדרו משחקת כדורסל במגרש, והחליט לבוא לעזור לה... ""ומאז הוא עוזר לי..."" היא אומרת. 
הם התחתנו וגרו 10 שנים  בקיבוץ. ב - 86 החליטו לעזוב את הקיבוץ ולעבור לעפרה. הם התקבלו למרות הקולות שקראו לא לקבלם, היות ויש כבר יותר מדי קיבוצניקים...
~
כשהגיעו לישוב המשיכה עפרה ללמד ילדים אמנות ומדעים, כפי שלימדה בשדה אליהו. רוני כלכלן במקצועו, עבד בג'רוזלם פוסט. הוא החל כמס' 3 במחלקת כספים, וסיים כחשב העיתון. באותה תקופה הסתובב עם רכב עליו מודבק סטיקר ""העם נגד תקשורת עויינת"". כשקלטו זאת בעיתון, קיבל מכתב נזיפה. ""אין זה מתאים בתפקידך הבכיר להסתובב עם דבר כזה, שהוא נגד מקום העבודה שלך""...
משפ' פרידמן היתה המשפחה ה- 120 בעפרה. באותה תקופה התקבלה החלטה להגיע ל 150 משפחות, כש - 30 משפחות מתוכן הן בנים ממשיכים. 
כשהיו בשדה אליהו, נולדו הבנים, כשהגיעו לעפרה , הגיעו הבנות...
32 שנה לימדה עפרה את ילדי הישוב, ויצירות האמנות עליהן עמלו בכיתה מפארות בתים רבים בישוב ובסביבה. 
בתחילה גרו ליד בית השייח, ולדעתו של רוני היו תושבים שאף בחרו בו בשל כך למזכירות. ביתם היה סמוך לחטיבה, ומחלון ביתה ראתה עפרה את תלמידי החטיבה מבצעים קפיצות ראווה מגג המבנה אל מזרון דק שהונח שם, והפילו את ליבה. לרוני סיפורים רבים על התקופה הלא פשוטה ההיא. באחת הנסיעות, נסע כשאמו ועפרה לידו. באחד הסיבובים זיהה מולו מחבל כשבידו בקבוק תבערה בוער והוא מתכוון להשליכו. הוא בלם את הרכב, שלף נשק, ומבעד לשימשה הקדמית ירה במחבל, שנס מהמקום. כתוצאה מאירוע הירי, זכה לכמה חברויות חדשות בישוב ואפילו נבחר בזכות זה למזכירות... סיפורים נוספים הנמצאים במאגר זכרונותיו, הוא משאיר לשיחה ב 4 עיניים.
לאחר שנבחר למזכירות יזם את הקמת צוות הכוננות של התושבים. 
העבר הבטחוני של רוני כלל עבודה באבטחת אישים. הוא שמר בבתיהם של גולדה, דיין, רבין ופרס. את משה דיין ללא רטייה ראה כשזה היה יוצא בכל בוקר לאסוף את העיתון. בתחילה שמר בבוטקה הקידמית בכניסה לביתו של דיין, ותהה בינו לבין עצמו - מהיכן צצו הסיפורים על דיין והעתיקות. כשביקש ממנו השומר בבוטקה האחורית להתחלף במשמרת, הבין על מה דובר... לאחר זמן גם נוצרו ביניהם קשרים, ורוני קיבל ממשה דיין שיעורים פרטיים בענייני עתיקות, שיחזורים ושימורים.
אצל כל אחד מהמאובטחים יש לרוני סיפורים וחוויות. זכורה לטובה, סוניה פרס ז""ל שבכל לילה היתה יוצאת לשומרים, ובודקת האם ירצו לשירותים או לשתות לפני שהם הולכים לישון.
אחד הדברים שהוא מייחס להם חשיבות גדולה בחייו, זו החברות בעמותת אלעד, שם הקים את מחלקת הנהלת החשבונות. כיום הוא ממשיך בהתנדבות בעמותה. 
~
עפרה עזבה את בתי הספר לטובת הטבע. וכך במסגרת עבודתה החדשה, כבר מעל 15 שנה שהיא אוספת זרעים לשימור עבור בנק הגנים שבמכון וולקני, ועושה סקרים בוטניים .
בחדר בביתם שוכנות עשרות מעטפות בדרכן למכון, כל אחת ממוספרת ובתוכה צמח שעבר ניקוי בדרך להקפאה ולשימור לדורות הבאים או למחקר. 
אך טבעי היה שאת הצילומים נעשה בגינתם היפה והפורחת, והדילמא הגדולה היתה - על מה נאלץ לוותר? בסופו של דבר הוחלט על צילום בונוס ליד שיח הרותם שמחביא בין ענפיו מזכרת רומנטית, שכן זהו השיח שעיטר וקישט את חתונתם, ופורח במלוא תפארתו בכל שנה ביום נישואיהם. 
~
כיום, הם מתפללים ומקווים לראות בהרחבתו של הישוב, ולזכות שמשפחות צעירות יגיעו וימלאו אותו.
תודה על שיתוף הפעולה, ועל שנים של עשייה ונתינה למען הישוב ותושביו.
#עפרה_על_הספה
אוצרים זכרונות - ברוך גרינברג","https://www.facebook.com/share/p/1KvfVM9q6B/","images/פרידמן רוני ועפרה.jpg"
"49","פרלמן","שרה ודני","","","","images/פרלמן שרה ודני.jpg"
"50","קאפח","דויד ואילה","1975","מעגלים. על עפרה שמעתי לראשונה כמדומני בכיתה ח'.  כילד לא גדלנו על חדשות, התישבויות וקוים ירוקים. בכיתה ח' יצאנו מהבועה לשנה, ואז נפגשתי עם המושג - עפרה. זוכר במעורפל משהו עם הילה, וקטיף גודגדנים.
אחרי שנים התגייסתי במסגרת ההסדר, ומכל הפלוגה, את אוהל סיירים הזעיר והצפוף חלקתי במשך כמה חודשים עם שד קטן וזריז, חבר טוב העונה לשם עמית קאפח, בן עפרה. חלפו כמה שנים, נדבקה לי מצלמה ליד, ועמית ורחלי היו מהקרבנות הראשונים שאת חתונתם צילמתי (השבוע לפני 30 שנה...). עוד כמה שנים ואני בעצמי תושב עפרה, ובזכות המצלמה שמי מופיע לראשונה בקרדיטים לצילום בספר מודפס. זה היה בהגדת תימן שהוציא דויד קאפח. בזכותו זכיתי לבקר בביתם של הרב יוסף והרבנית ברכה קאפח ז""ל . הקרדיט לצילום נמשך אח""כ גם בסדרת הספרים של דויד ""טבעי, צמחי מרפא"". אם הבנתי נכון, הסטודיו בר שוכן במבנה שהיה פעם בית הדפוס של דויד. בקיצור, מעגלים נסגרים. גם הזכות לצלם את אילה ודויד קאפח הוא סוג של סגירת מעגל עבורי.
בריאות טובה משפחת קאפח.
אוצרים זכרונות - ברוך גרינברג","https://www.facebook.com/share/p/1BptTSoDq4/","images/קאפח דוד ואילה.jpg"
"51","קדמון","רפי ורבקה","1975/1979","כל יום והריגושים שלו. כל יום וההפתעות שלו.
רפי ורבקה קדמון הסכימו בשמחה להצטרף לפרויקט התיעוד בעפרה. בשיחת התיאום הסברתי שאני מגיע אליהם לחצר. רפי ענה תשובה של חקלאי: ""העצים בשלכת, החצר נראית עלובה (הלואי על כולנו עליבות כזו...), עדיף במטע הסברס שלי"". 
-""מעולה"" אני עונה. קבענו ל 11.
הזוג המקסים מגיע, מתיישבים, מתבדחים, מצטלמים, ובסיום, רפי שואל אם אפשר לבקש ממני משהו? 
- כמובן, אני עונה, ועוד לא מבין מה הולך לנחות עלי...
- היום הוא יום השנה לפטירתה של חגית ז""ל, היא קבורה ליד ברוך בן משה ז""ל, אנחנו עולים כעת לקבר. תהיה מוכן לצלם אותנו שם?...
מודה, לקח לי רגע להסדיר את הנשימה. 
לאלו שלא מכירים או שהספיקו לשכוח, רפי ורבקה התאלמנו לפני 6 שנים.
חגית קדמון נפטרה בכ""ט טבת, ברוך בן משה נפטר לאחר כמה חודשים בי' בסיון. שניהם נקברו בעפרה בחלקות קבר צמודות. לאחר זמן סובב המסובב, וגם החיים התאחדו, ורבקה ורפי נישאו. כל מי שמזדמן לבית הקברות לא יכול שלא להתרגש מהפלא הזה ומ""סיבוב המסובב"". 
""אנחנו מודים על העבר, מודים על ההווה, ומודים על העתיד"" אומרת לי רבקה.
שיעור לחיים. עלה לי בכמה דמעות, אבל היה שווה.
אוצרים זכרונות - ברוך גרינברג","https://www.facebook.com/share/p/1F9mPrnfL4/","images/קדמון רפי ורבקה.jpg"
"52","רבי","משה ורוחי","1975/1981","","","images/רבי רוחי ומשה.jpg"
"53","רוזן","ורדה וחיים","1980","ורדה וחיים רוזן. רח' הסלע. 
משפחת רוזן הגיעה ליישוב בחורף 1980,  קצת לפני מלאת לעפרה חמש שנים. 
היות וכתנאי קבלה באותם ימים נדרש לפחות אחד מבני הזוג לעבוד ביישוב, חשב חיים לעבוד עם ידידיה סגל בעסק ראיית החשבון שהיה לו בעפרה, אך זה לא יצא לפועל.  מספר חודשים לאחר מכן עבדה ורדה עם ישראל הראל  במשרד של מועצת יש""ע המתהווה ומערכת ""נקודה"". היא עבדה במשרד על תקן של עובדת ניקיון, מגישת תה וקפה, מזכירה, ו""מנהלת"" מספר ""מחלקות"" במערכת ""נקודה"" – כל פעם על פי מה שנדרש.
עם הולדת בנם השני,  עזבה ורדה את עבודתה ולאחר זמן קצר החלה לערוך בהתנדבות את עלון היישוב ""עט עפרה"".  עט עפרה היה עלון די סוער, ושימש במה לדיונים אידיאולוגיים וחילוקי דעות ביישוב, ועבודת העריכה דרשה הרבה רגישות ו""הליכה בין הטיפות"".
לאחר 16 שנה  פרשה והעבירה את השרביט לבאים אחריה.
חיים היה מזכיר פנים תקופה מסוימת וגם אחריה סייע במכירת הבתים של שלב ד'. זאת השכונה שבה הם גרים.
בשנים הראשונות השתתפה המשפחה כמעט בכל ההפגנות מטעם גוש אמונים לפני הסכם אוסלו ואחריו, בשנות האינתיפאדה ועד להפגנות נגד ההתנתקות. הם חיכו תמיד והתפללו שתגיע תקופה שבה החיים ביש""ע יהיו מובנים מאליהם ואנשים יגיעו לכאן כפי שמגיעים לכל יישוב בארץ מטעמים של עבודה, איכות חיים וכו'.
ורדה וחיים רואים בעפרה יישוב מוביל, איכותי, עם קהילה חמה וטובה.  ועל אף הגידול המבורך במספר המשפחות, (שאת רובן אינם מכירים) הם עדיין חשים שהמסגרת הקהילתית של עפרה הייתה ותמיד תהיה בע""ה הבית שלהם.
תודה לכם על שיתוף הפעולה, ועל התרומה לישוב לאורך השנים.
אוצרים זכרונות - ברוך גרינברג","https://www.facebook.com/share/p/18y6XFGRft/","images/רוזן ורדה וחיים.jpg"
"54","רונד","חיה ויוסי","1975","חיה ויוסי רונד. רח' המטע.
כשהיתה חיה בשמינית, הצטרפה לפעילות ולנסיונות ההתיישבות ליד שכם, יחד עם  גרעין אלון מורה. היא הרגישה שבמעשיה היא ממשיכה את דרכם של הוריה שהיו ממקימי עין הנצי""ב. כך עלתה בעליה הראשונה ליד מחנה חורון ולבסבסטיה. תוך כדי לימודים, גם התנדבה בגוש אמונים.
באותה תקופה התגוררה ברחובות, ושמעה על הקמת עפרה ועל כך שצריכים עזרה. בשבוע השני להקמת עפרה הגיעה למשרדי גוש אמונים, ומשם יחד עם יוסי אינדור נסעו במונית ערבית לעפרה.
בעפרה פגשה את פנחס ולרשטיין ששאל אותה - לכמה זמן תיכננה להגיע? כשענתה שלשבוע, התלהב... חלק גדול מהמתנדבים נשארו ליום או יומיים ועזבו. בסופו של דבר נשארה 7 שבועות ברצף לפני היציאה הבאה הביתה. סה""כ נשארה שנתיים, כשחלק מהזמן הוכר לה למפרע כשירות לאומי.
לאחר שנתיים יצאה ללימודי הדרכת נוער בירושלים, עבדה ב""בית התלמיד"", ומדי פעם הגיעה לשבתות בעפרה.
יוסי סיים את שירותו הצבאי בשנת 75, והצטרף לשני אחיו שהתגוררו בארה""ב.  לאחר כשנה וחצי החליט לחזור. גם כי הרגיש שמיצה, וגם היות ורצה להיות קרוב לאימו. לאחר שבועיים בירושלים שמע על עפרה דרך הרב יוחנן פריד. הוא עלה על קו 40 והגיע לעפרה. 
בתחילה עבד במפעל המתכת של משה גרוסברג. לאחר זמן נמאס לו וחזר לירושלים, אבל משה מצא אותו שם, שיכנע אותו לחזור, ואף מצא לו מקום מגורים באשקובית קטנה. אמנם השירותים היו בחוץ, והמקלחת במקווה, אבל היתה לו הפינה שלו. בשלב מסויים עבר לעבוד אצל ניסים ארז במסגריה, ואח""כ בעקבות בקשה של עירא רפפורט עבר לעבוד בבי""ס שדה, שם עבד מעל חמש שנים. התנאים בביה""ס שדה לא היו משהו. בחדרים היו מיטות קומותיים לא הכי נוחות, והוא זוכר מקרה של קבוצה שהגיעה לאירוח, שהרב שלהם שלא הסתדר עם מיטת הקומותיים החליט לעבור לישון בפעוטון. יוסי מצא אותו ישן באחד מלולי הילדים...
כשיזם עזריאל ארד את הקמת הלולים עבר יוסי לעבוד איתו, ואח""כ גם ניהל אותם.
במהלך השנים עבד גם במכוורות הדבש של פויכטונגר, ואח""כ עבד דרך המועצה בביה""ס בישוב אדם, ובעפרה. 
יוסי וחיה הכירו בעפרה, התחתנו ב 77, וקבעו את ביתם בעפרה.
בתם הבכורה נולדה בט' באייר, ונקראה עפרה רות.
כשנעה אלון ז""ל הציעה לחיה לעבוד איתה בגנים, הסכימה. היא עבדה בגנים 10 שנים, ואז עברה לעבוד באולפנא, שם היא עובדת עד היום.
בכ""ו סיון תשס""ב נרצח בנם ארז בידי מחבלים, כאשר חזר לעפרה מהישיבה בה למד. ארז היה בן 18 במותו. הוא היה בחור כריזמטי ואהוב, שופע חיים ובעל חוש הומור מפותח. בשנים האחרונות הוקם לזכרו ""גן ארז"" בשכונה החדשה ברח' הדובדבן.
חיה ויוסי אוהבים מאוד את עפרה, את הקהילתיות והביטחון שהמקום משרה. אמנם חששו במהלך השנים שהאינטימיות שהיתה בעפרה תיעלם, ואת המעבר מהדיור הזמני לקבוע  זוכרת חיה כסוג של משבר מהחשש שהאחווה והקירבה לשכנים תיעלם, אבל בשורה התחתונה הם מאושרים בישוב, ושמחים עם חבריהם, מהשכנים, ומהקרבה לאורן ועדי שגרים בישוב. 
מהצילום של משפ' רונד יצאתי עם מתנה מרגשת. ספר שהוציאה המשפחה לזכרו של ר' אלכס עזריה ז""ל, אביה של חיה, ובו רעיונות לפרשות השבוע שכתב במהלך השנים לתלמידיו.
ר' אלכסנדר היה מבאי בית הכנסת בשכונה בכפר הרא""ה, והיה מהדמויות האהובות עלי. קטן קומה, קורן ושמח תמיד, וכולו אומר עדינות וענווה. אהבתי במיוחד כשהיה עולה לקרוא בתורה. מלבד הדיוק בטעמים, הפליאה אותי תמיד יכולתו לדייק ב'ע' וב'ח' למרות אשכנזיותו המובהקת... 
תודה לכם משפ' רונד על שיתוף הפעולה, ועל התרומה לישוב לאורך השנים.
שתזכו להמשך שנים ארוכות וטובות בישוב, בבריאות ובשמחה.
אוצרים זכרונות - ברוך גרינברג","https://www.facebook.com/share/p/1Dn7E4QhdM/","images/רונד יוסי וחיה.jpg"
"55","ריננברג","ברטה ודוד","1990","","","images/ריננברג ברטה ודוד.jpg"
"56","רסיסטל","יורם ואילה","1975","אילה ויורם רסיס-טל. רח' הסלע.
טוב, שבו. היום זה ארוך, אבל שווה! 
המשפחה הזו היא מאגר ואוצר בלום של סיפורים. סיפור עלייתם לעפרה כ""כ מיוחד, שהיה קשה לקצר. ויסלחו לי הרסיס-טלים אם מפאת קוצר הזמן והיריעה חיפפתי וטעיתי בפרטים...
אי שם אחורה, שנת תשל""ה 1975, זוג תל אביבי צעיר עם 2 ילדים. יורם לומד ועובד באוניברסיטת ת""א. במהלך נסיעותיו באוטובוס לאוניברסיטה תופסים אותו הרהורים בנוסח ""מה אני עושה בשביל מדינה""? מכיון שכך, החליט יורם שהוא מחפש דרך להחזיר למדינה משהו. באותה תקופה החלו לעלות ולרדת ההתנחלויות. בבוקר קמות, בערב מפונות, וחוזר חלילה. יורם החליט לנסות ולתרום את חלקו. יגיע בבוקר, יקים התנחלות, יפנו אותו בערב, ולמחרת הוא חזרה באוניברסיטה! הבעיה התחילה כשלא ממש ידע איך מגיעים לאותם ""מתנחלים"". והנה הגיעה ההזדמנות. באחת הנסיעות עולה לאוטובוס אדם לבוש חאקי, שיערו סתור, בוץ בנעליו, וכולו אומר עייפות. 1+1, ויורם ניגש אליו: 
""אדוני מתנחל""?...  האיש מנסה להבין מה הסיפור, ויורם ניגש לנקודה - אני רוצה לעזור, וצריך איש קשר. האיש לוקח מיורם מספר טלפון, ומבטיח שיצרו קשר. עוברים חודש וחודשיים, וכלום. לפתע לאחר כמה חודשים מקבל יורם תעודה: ""שמחים על הצטרפותך לגרעין שילה""...  
והנה, בתאריך ט' באייר תשל""ה, מקבל יורם טלפון ממישהו שמזדהה כפנחס.
- ""תגיע למשרדי גוש אמונים ברחוב כורש בירושלים"". 
- ""לאן נוסעים""? שואל יורם.
- ""לא יכול לומר לך, זה סודי"" עונה פנחס.
 - ""אבל רגע, אני בת""א, עד שאגיע לי-ם כבר תיסעו!"".
- ""אל דאגה, נחכה"" עונה פנחס. 
יורם יוצא לי-ם מתוך כוונה לחזור הבית בלילה, ולצאת בבוקר לעבוד כרגיל.
לאחר כמה שעות מגיע יורם לרחוב כורש ומוצא בקושי בקומה השלישית את המשרד שנראה נטוש. בחורה צעירה שראה שם שאלה מיד - ""אתה יורם? אז הם נסעו, לא יכלו לחכות""...
- ""נסעו לאן?"" 
- ""זה סוד, לא יודעת... אבל יש כאן מפה, ופנחס סימן בה נקודה""! 
על הקיר מאחוריה תלויה מפה גדולה של 1:250000, ומעט צפונה לירושלים אכן מסומנת נקודה. היות ובמפה נראה המרחק קצר, החליט יורם ללכת לכיוון. את הדרך צפונה מירושלים עשה חלקה בהליכה, חלקה כטרמפיסט על משאית ערבית, וחלקה על חמור ועגלה...  בשלב מסויים החליט שמספיק, וירד באזור שומם לחלוטין שאח""כ התברר כפאתי הר בעל חצור. פשוט תחושת לב. 
בשטח אין כלום, ויורם מתחיל ללכת לכיוון הכלום, עד שראה מרחוק פנס על ההר והתכוונן אליו. לפתע נתקל בקומנדקר ובו חיילים. 
- ""לאן אדוני""?
יורם שלא רצה להסגיר את החבר'ה ענה להם: ""את אחי אנכי מבקש"", ולא הוסיף. החיילים מסתכלים אחד לשני, ואז מצביע הנהג על שביל קטן ומסמן לו להמשיך לשם. אחרי כמה דקות הליכה נפגש יורם בהתרגשות עם שאר החברים ממחנה העבודה. 
""הרגשתי שאני הולך ומעלי מלאך שמוביל אותי"".  
רגע, זה רק החלק הראשון... החלק השני קשור לאילה שנשארה לבד בבית בת""א, בידיעה שיורם חוזר בלילה הביתה...
ההמשך גם הוא לא צפוי. בניגוד לכל נסיונות ההתנחלויות שהיו עד אז, שהמשחק היה ידוע מראש - עליה ופינוי, עליה ופינוי, באותו ערב חזרו יהודה עציון וחברים נוספים מפגישה עם שר הביטחון שמעון פרס ז""ל, ובפיהם בשורה: פרס אישר להישאר בלילה. וכך גם בלילה שאחריו. היות וחששו מפינוי, נשאר יורם לישון שם. מבנות שיצאו מהמקום ביקש יורם ליצור קשר עם אילה, ולומר לה שהוא מתעכב יום/יומיים. בפועל, משום מה לא התקשרו הבנות לאילה. מרוב דאגה התחילה אילה לנסות ולהשיג מידע, והגיעה עד זבולון המר ז""ל שהיה שר החינוך. אבל מפאת הסודיות סביב הנושא לא יכלו לעזור לה.
כשהתקרבה שבת התקבלה החלטה במשרד הביטחון לאפשר לעובדי קבוצת העבודה להישאר, אבל רק לעובדים. אז איך מביאים את הנשים? על תקן המבשלות כמובן... ויורם שם פעמיו תל אביבה לנסות לשכנע את אילה לבוא איתו.
כשנכנס הביתה, אחרי ההלם הראשוני כשכבר חשבה על הגרוע  מכל, התחיל שלב השיכנוע, שבסופו של דבר אמרה לו אילה: ""אחריך""!
את הילדים השאירו אצל הורי יורם בת""א, ויצאו לכיוון בעל חצור. רק כשהגיעו הבינה אילה שהבגדים החגיגיים שלבשה לא באמת מתאימים לתנאי השטח...
כזוג נשוי שוכנו אחר כבוד ב""מבנה הקצינים"", ששימש קודם את הרועה הערבי ועדרו כמקום מגורים. לאחר שניקו קצת את המקום, עזרו להם לאטום את החלונות והדלתות בעזרת ניילונים. כשקבוצה של 15 בנות הגיעו לשבת, הוחלט לדכנם בחדר של אילה ויורם. בכ""ז, חדר גדול...
מאז הם בעפרה. בשנת תשמ""ב, 1982, היו אמורים לעבור מהמבנים הישנים לביתם ברחוב הסלע. כשהועמסו החפצים על המשאית, אמרה אילה פעם שניה ליורם ""אחריך"", והם ירדו לסיני לחזק את הישוב תלמי יוסף. לאחר תקופה קשה ופינוי תלמי יוסף חזרו לעפרה והשתכנו בביתם הנוכחי.
בין שאר התפקידים בישוב, כיהנה אילה כמזכירת הישוב, וכרכזת חברתית. כמזכירת הישוב היה הטלפון היחיד בביתם, וכשהגיעו שיחות לחברי הגרעין, הועברו ההודעות בצעקות...
העששיות המופיעות בתמונה שימשו אותם למאור בתקופה בה לא היה חשמל. את הזכוכית בעששית האדומה הכין יורם מצנצנת שימורים.
כשחזר יום אחד משירות מילואים וירד מהאוטובוס, פגש את יוסי אינדור, שמינה אותו לגיזבר הישוב. לאחר כמה מטרים פגש את יהודה עציון וממנו קיבל מינוי למזכיר הישוב. לא הספיק להגיע הביתה, ועירא רפפורט הפך אותו לעובד הישוב. חנן פורת ז""ל שעזר רבות לעפרה בימיה הראשונים, עזר גם ליורם להבין וללמוד את תפקידיו החדשים...
כשהגענו לעפרה, שני בתים ממשפחת רסיס-טל, הפכנו בצורה טבעית לחלק מהמשפחה. היות והארכתי כבר יותר מדי, אוכל לומר רק בשמי ובשם משפחתי תודה לרסיס-טלים הנהדרים על הנחישות הלא מובנת בהקמת הישוב, על המעורבות האיכפתית בכל דבר חשוב, ועל הדרך בה הם עוטפים אותנו באהבה מאז הגענו. תכלס, נראה לי שהאהבה דו כיוונית, היות ואילה מרשה לי לצלם אותה. וזה משהו שכנראה לא קורה לאחרים.
הרבה בריאות עד מאה ועשרים שכנים יקרים. 
(ובסוד אגלה, שהמסופר כאן הוא מעט מזעיר. ממליץ לשבת איתם לכוס תה).
אוצרים זכרונות - ברוך גרינברג","https://www.facebook.com/share/p/1Dd8zeMXTY/","images/רסיסטל אילה ויורם.jpg"
"57","שוורץ","צילה וצבי","1983","צילה וצבי שוורץ. משעול הר אפרים.
משפחת שוורץ הגיעה לעפרה בשנת 83, אחת מתוך 100 המשפחות הראשונות. הגעתם לעפרה היתה חלק מהמסע האידיאולוגי שעשו שניהם ואשר גרם להם לעלות מארה""ב לישראל 10 שנים קודם לכן .
הם עבדו בירושלים, צילה עסקה בחינוך, וצבי בשירותי הרווחה, כאחראי על פיתוח שירותי הקהילה לאוכלוסיה הקשישה בירושלים מטעם העיריה. כשעברו לעפרה הותנה המעבר בעבודה בישוב. באותה תקופה ביקשו גוש אמונים ותנועת אמנה להקים גוף שיגרום לעליה לארץ בדגש על יהודה שומרון וחבל עזה. הם חיפשו עובדים סוציאלים וצבי הצטרף לעבודה. הוא עבד גם ביצירת ""סיורי גישוש"" לעולים ממרכזי הקליטה ולתושבי חו""ל בניסיון למשוך משפחות לקליטת עליה בישובי יו""ש, ובנוסף השתתף בצוות שהיה אמון על שיוך והצטרפות של אנשים לישובים חדשים שיוקמו. כחלק מפרויקט זה הביא להקמת גרעין אנשים שנפגשו בירושלים במשך שנה, דנו וגיבשו החלטות שהפכו מעשיות, וכך בליוויו הצמוד קם לו הישוב טלמון!
כמה שנים לאחר הגעתם לישוב יצאו לשנתיים של שליחות בדרום אפריקה, שם פעלו בעידוד עליה ארצה, בדגש על ישובי יו""ש. 
כשחזרו מהשליחות פעל צבי להקמת חברה הנותנת שירותי סיעוד לקשישים ולאנשים סיעודיים, והוא עוסק בזה עד היום כמנהל מקצועי של החברה.
רבות מהפעילויות בהם עסק והקים בעירית ירושלים קיימות עד היום. בתי חולים, שירותי רווחה וסיעוד, שירותי קהילה מועדונים וכו' שהוקמו בסיוע תקציבים שגייס מהג'וינט. 
צילה שעסקה בחינוך מיוחד ועבדה ב""שקד"", לימדה לאחר חזרתם לישוב בהוראה כללית, בהוראת מבוגרים באולפן, ובהקניית השפה האנגלית. באולפנא מלבד לימודי האנגלית עזרה בהקמת מרכז למידה ללקויי למידה ובאבחון. במקביל עבדה גם בבי""ס שדה ובמדרשה, ועזרה להניע פרויקטים שונים.
כחלק מהמאבק האידיאולוגי שלהם על פניה של המדינה והארץ, בילו זמן רב במאהל המחאה שהוקם בתקופת אוסלו מול משרד רה""מ. באחד הימים שמעו כי רבין ז""ל מתכנן נאום בפני אנשים מחו""ל במסגרת כינוס של האוניברסיטה העברית בהר הצופים. צילה וצבי החליטו שהם חייבים לנצל את הבמה ולהביע מחאה. היתה רק בעיה קטנה - האירוע נועד להיות סגור ומאובטח, כשהכניסה בהזמנות בלבד ובפיקוח מוקפד. הזוג שוורץ הגיעו מחופשים לתיירים, התחבבו על קבוצת תיירים בכניסה לכנס, ושיכנעה אותם לצרף אותם אליהם. כשעלה רה""מ לנאום הספיקו לקום ולמחות במשך כמה דקות, עד שהוצאו החוצה ע""י המאבטחים. היתה לנו ""חוויה זוגית"" אומר צבי...
למשפחת שוורץ 5 ילדים, לכולם משפחות ב""ה, 4 מתוכם מתגוררים בישובים ביו""ש.
תודה משפחת שוורץ על התרומה לקהילה, על הגבאות הנצחית, על רוח ההתנדבות והאדיאולוגיה האיתנה. 
שתזכו ונזכה לשנים ארוכות בריאות וטובות יחד.
אוצרים זכרונות - ברוך גרינברג","https://www.facebook.com/share/p/19TPHGHHLw/","images/שוורץ צילה וצבי.jpg"
"58","שיוביץ","ציפי ז""ל ואלי","1986","","","images/שיוביץ ציפי ז''ל ואלי.jpg"
"59","שלם","חיים וגאולה","","","","images/שלם חיים וגאולה.jpg"
"60","שלניץ","יפה ופסח","1978","","","images/שלניץ יפה ופסח.jpg"
"61","שמחוני","ורדה ועזריאל","1975","ורדה ועזריאל שמחוני. רח' ט' באייר.
משפחת שמחוני הגיעה לעפרה מירושלים. כשהחלו ניסיונות ההתיישבות בשומרון הצטרפו לגרעין שילה (שניסה להתארגן לעלות לפני ההתיישבות בעפרה, אך ללא הצלחה). לביתם בירושלים הגיעו צבי בייטנר ז""ל והרב יונתן בלאס (רב הישוב נווה צוף). הם סיפרו שעפרה קמה, ומחכים להם בישוב. עזריאל נענה מיד לאתגר, והתנדב להגיע לעפרה אחת לשבוע. מתקופה זו זכורה לו בעיקר העבודה הקשה בעפרה ובבעל-חצור, והלב הפתוח של החברים. ורדה לא התלהבה מהרעיון בתחילה, היות ולא רצתה לעזוב את הקהילה החמה בקרית-יובל. החברים בעפרה לא הרפו, ושאלו את עזריאל בכל פעם מחדש ""אייה אשתך""? עד שנתרצתה להגיע לשבת. הם התארחו בחדר האירוח בבית השיח' בחדר ללא דלתות וחלונות, כשהפתחים כוסו ביריעות ניילון והדלת בשמיכה, והשירותים היחידים בבית משפ' רסיס טל. כשהתרצתה ורדה והסכימה להתיישב בעפרה, לא היה מאושר מעזריאל. עבורו היה זה חלום ילדות - לחיות בישוב, לגדול ולצמוח יחד איתו.
קבלת הפנים שהכינו להם בבואם הייתה מרגשת במיוחד. שכנתם החדשה, נאוה מצוי ניגנה בגיטרה, ובנותיה יצאו לבושות לבן, עטורות בזרי פרחים ובידיהם לחם, מלח ונרות. הייתה זו חוויה בלתי נשכחת עבורם. אביצור, בעלה של נאוה יצא מייד לעזור לפרוק את הציוד מהמשאית יחד עם יורם רסיס טל. 
לפי הסטנדרטים שנקבעו אז היתה הדירה שקבלו בבית ""ע"", ""גדולה"" מדי עבור זוג ללא ילדים, שכן היתה מיועדת לזוג עם ילד אחד לפחות. לאחר דיון הוחלט שיקבלו את הדירה תוך התחייבות מראש שכשתגיע משפחה עם ילדים יפנו את הדירה. ""הזמני"" הפך לקבוע למשך שנתיים. כשנולדה רעות-נחמה היתה שמחה גדולה בישוב, וכל החברים נטלו חלק פעיל ב""זבד הבת"". כשנולד בנם השני, אלקנה, עברו לדירה קצת יותר מרווחת ב""דיור לעולה-עפרה צמרת"" (סמוך למדרשה). ורדה שוחררה מביה""ח ביום הברית ממש כך שלא יכלו להתארגן לברית. רותי כ""ץ תפסה פיקוד, ויחד עם החברות ערכו את סעודת-הברית, דבר שהיה מופלא בעיניהם. ההתגייסות המשותפת לכל אירוע אפיינה את עפרה בכל שלביה. תנאי החיים בעפרה היו מאתגרים מאד. הבוץ שהיה בכל מקום, הנסיעות לירושלים, הכביסות, חוסר באספקת מים וחשמל, אך תחושת ה'יחד' והחלוציות גרמו להם לקבל הכל בשמחה.
השמחוניים זוכרים את אסיפות החברים דאז שהיו סוערות ביותר. חברים התנצחו והתנגחו בחריפות רבה. המפתיע היה, שלמחרת היום אותם חברים שנראו כ'אויבים' באסיפה, נשארו חברים טובים...
עזריאל עבד אז בירושלים כמדריך חקלאי-שיקומי לבעלי צרכים מיוחדים, ואח""כ כרבש""ץ בעפרה, ומנהל עבודה בבנין בישובים סמוכים לעפרה. כיום הוא עובד בשמירה בבית הספר בישוב. ורדה עבדה כמזכירת הישוב. באותה תקופה לא היו מכשירי טלפון אלא רק בחדר-האוכל ובמשרד, והנוהל היה שכל שיחת טלפון או הודעה שהגיעה לאחד החברים היו כורזים לו במערכת הכריזה. אותה מערכת שימשה גם להודעות על אירועים ולידות. לורדה זכורה במיוחד ההודעה שקיבלה ממנחם גרנית על לידת בנם. חצי שעה לאחר ההכרזה ברמקול, התקשר מנחם שוב ותיקן: ""נולד לנו עוד בן""...  ורדה התקשתה להאמין וחשבה שהוא 'עובד' עליה. כשהבינה שזו האמת הכריזה שוב: ""תיקון תיקון – לנעמה ומנחם נולדו שני בנים, תאומים"". המעניין היה שבאותה תקופה נולדו תאומים גם למשפחות אופן, הורוביץ וחלמיש, כך שהיו שחשבו שהדבר קשור לעבודה במחשבים...
בהמשך עבדה ורדה במדרשת ""שובה"" עם ר' משה ז""ל ורבקה שפירא שתח', וניהלה את אולפן העולים שהוקם שם. מאוחר יותר ניהלה גם את תלמוד התורה במשך 8 שנים.
עזריאל וורדה יזמו והקימו בעפרה את קופת הגמ""ח היישובי שפועלת עד היום באינטנסיביות בשיתוף פעולה עם קובי הורוביץ וחיים רוזן.
תודה לכם משפחת שמחוני על החלוציות, מאור הפנים, החיוכים והתרומה לישוב כל השנים.
אוצרים זכרונות - ברוך גרינברג","https://www.facebook.com/share/p/1FDWok41HP/","images/שמחוני ורדה ועזריאל.jpg"
"62","שפיץ","שרה ויוסף","","","","images/שפיץ יוסף ושרה.jpg"
"63","שפירא","יעקב ורחל","1983","בתקופה האחרונה עלה הרבה נושא הקהילה והקהילתיות. מביני דבר מסבירים לנו שזה מה שייחודי בישראל לעומת מקומות אחרים בעולם. 
שלום שלום... אצלנו זה רישמית ב DNA. ""עפרה, ישוב קהילתי"".
רח' מקימי הגדר 28/30. משפחות שיוביץ/שפירא. ""טוב שכן קרוב"".
2 משפחות, 2 בתים, חצר אחת, לב אחד. בחצר המשותפת (ציפי עוד מתלוננת שלצערה הצמחיה שלהם קצת מפריעה להפוך את השטח לאחד גדול, וקשה לעשות אירועי קורונה על כל המתחם...) נירקמים דילים משותפים. דברי תורה של ר' יעקב בשמחות של שיוביץ, והעוגות של שיוביץ בשמחות של שפירא. להבדיל, גם בזמנים פחות נחמדים יודעת כל משפחה שהשכנים ליד מספקים תמיכה מלאה. 
ככה כבר 38 שנה, עד 120 בבריאות טובה בע""ה.
ר' יעקב ורחל, ציפי ואלי, תודה על שיתוף הפעולה!
אוצרים זכרונות - ברוך גרינברג","https://www.facebook.com/share/p/1KXmchrVaE/","images/שפירא יעקב ורחל.jpg"
"64","שפירא","רבקה","1976","","","images/שפירא רבקה ז''ל.jpg"
"65","ששר","בלהה ויצחק ז""ל","1994","בלהה ויצחק ששר. משעול הר אפרים.
נולדתי גדלתי בישיבת כרם ביבנה. סוג של בועה מופלאה. כל מה שהכרנו סבב סביב הישיבה. מעבר לכביש היו ""הקיבוצניקים"". אנחנו היינו ה""ישיבניקים"". (היחסים המורכבים בינינו מקומם בפוסט אחר...).
והיה עוד חלק למשולש. גבעת וושינגטון. ב""גבעה"" היתה המכולת, והיתה טלויזיה בכיתות הלימוד, לשם התפלחנו מדי פעם לראות סטיב אוסטין והאיים האבודים. 
בגבעה התגוררו לימדו וחינכו בלהה ויצחק ששר. את יצחק פגשנו לרוב בבית הכנסת של הקיבוץ בתפילות מנחה בשבתות, והקריאה שלו בתורה היא זיכרון חזק וצרוב כפלא שאין כדוגמתו. ההקפדה על ההגיה, ההטעמה, הטונציה הנכונה, הדיקדוק, שפת הגוף, כל אלו היו עבורי חוויה מופלאה (שהאפילה אפילו על תופעה שהיתה הס מלהזכיר בתחומי הישיבה - איש מבוגר הלבוש במכנסיים קצרים ובסנדלים ללא גרביים...
). אהבתי את תפילות מנחה של שבת בקיבוץ, שם פגשנו בו. אני, ילדון שמתקרב לשנת בר המצווה, ומתחיל ללמוד את טעמי המקרא, והוא כדמות זקופה ומעוררת יראה והשראה, ובעיקר - הצבת רף. 
בשנת 94 עברה משפחת ששר לעפרה, ושוב נהיינו שכנים. שוב זכיתי לחזור ולשמוע את הגירסא דינקותא שכ""כ התגעגעתי. כשקיבלנו מחמאות מיצחק ובלהה על הקריאה בתורה של 3 ילדינו בשבת בר המצווה שלהם, וביחוד לאחר בר המצווה של יותם שלא ויתר על הקריאה, נשמנו לרווחה... (בלהה הזכירה לי השבוע כמה שהיא מתגעגעת לשמוע את יותם קורא את ההפטרה בפרשת ""שלח"". אולי בזכות זה גם זכה יותם לטיפ מכובד כעוזר צלם...)
בלהה ויצחק העמידו דורות של תלמידים. גם המעבר לעפרה היה קשור לעולם ההוראה והקירבה למקומות הלימוד. את הצילום עברתי מוצף ברגשות וזכרונות, ובהרבה הערכה.
תודה על שיתוף הפעולה עם הצילומים. מאחלים לכם עוד שנים ארוכות של לימוד והנחלת יידע, בבריאות טובה.
אוצרים זכרונות - ברוך גרינברג","https://www.facebook.com/share/p/1EKgs5gNyQ/","images/ששר בלהה ויצחק.jpg"
"66","תור","ודן ומלכה","1976","","","images/ תור מלכה ודן.jpg"
"67","תנעמי","שלמה ז""ל ומרים","1975","מרים ושלמה תנעמי. רח' ט' באייר.
הקשר לעפרה החל כבר בתחילת הדרך בתקופה בה החל מחנה עבודה בבעל חצור. המשפחה התגוררה בירושלים, ושלמה עבד כנהג חלוקה באנג'ל.  הר בעל חצור היה בקו החלוקה שלו, וכך נפגש עם חברי גרעין המייסדים. כשחיפשו החברים מקום ללון, ונכנסו לבתים הנטושים של המחנה הירדני בעפרה, היה שלמה מגיע בסוף הקו ומביא להם את שאריות הלחם שנשארו במשאית.
בין חברי הגרעין היו דוד ואילה קאפח שהיו חברים טובים של הזוג תנעמי, וכך בכל פעם שהיה חסר מניין לתפילות בשבת, היה דוד קאפח מזעיק את שלמה. משפחת תנעמי היתה מעמיסה את עצמה על המשאית עם האוכל לשבת, מזרונים ומצעים, ומגיעה לשבות בעפרה באחד מהמבנים, שהיו מוגנים עם ניילונים ושמיכות במקום דלתות וחלונות. 
בקיץ 75 לאחר שיכנוע של משפ' קאפח הגיעה מרים עם הבנות לגור בעפרה. הבנים נשארו בינתים בירושלים, ושלמה היה מחלק את זמנו בין עפרה לירושלים. מרים היתה טבחית בהכשרתה, וגוייסה למטבח של הבי""ס שדה. כששיפצו מבנה (שנמצא בשטח האולפנא כיום), שוכנה משפחת תנעמי מקום, שהיה בן חדר אחד ועם מטבח משותף לשכנים.
באותה תקופה הופעלה הצרכניה ע""י טובה מרחביה ז""ל, והקניינית היתה מנוחה נתן. שלמה עזר להן והביא הרבה פעמים מצרכים מהשוק. כשפרשה מנוחה, נכנס שלמה לניהול החנות. עם הזמן עברה הצרכניה למבנה הקטן שצמוד לנפחיה של יוסי גור אריה.
מרים מספרת שהמצב התברואתי באותה תקופה גם במכולת וגם במטבח היה כ""כ גרוע, ""שאפילו במעברה כשהגענו לארץ היה טוב יותר..."". בשלב מסויים, הסיבה את תשומת ליבו של ד""ר רוטנברג לכך, וכתוצאה מכך נעשו שינויים ותוקנו הרבה ליקויים.
במהלך השנים עבדה מרים תקופה מסויימת בגנים, ואח""כ עברה לעבוד באולפנא, שם היא עובדת עד היום. 
שלמה היה ממייסדי המניין הראשון בישוב. לחברי המניין היה בונוס מיוחד - לאחר התפילה היו מגיעים לבית תנעמי לאכול קובנה! מאותה סיבה גם אהבו התושבים לשמור עם שלמה, למשימה היו יוצאים רק אחרי הקובנה...
בשבתות היו מגיעים ילדים וקוראים עם שלמה את פרשת השבוע עם תרגו'ם, לפי מיטב המסורת התימנית.
למרות התנאים הקשים שהיו בתקופת ההקמה, מרים מאושרת ושמחה בהחלטה להגיע לעפרה. ""החלוציות היתה לנו בדם"". העליה מתימן, המגורים בחושות במדבר, ובאוהלים בחול במעברה במגדיאל, כך שעפרה היתה המשך חלוצי ראוי.
""אנחנו בארץ ישראל, דברי הנביאים מתקיימים לעינינו, הארץ שופעת פירות, וכל הגויים רוצים לבוא לפה... זו ממש תקופת ימות המשיח""!
תודה משפחת תנעמי על שיתוף הפעולה, ועל שיעור מאלף בחלוציות. 
בריאות טובה בשמחה תמיד.
אוצרים זכרונות - ברוך גרינברג","https://www.facebook.com/share/p/1Hqrh1NRBz/","images/תנעמי שלמה ז'ל ומרים.jpg"
"68","נאומבורג","מזל ואהוד","1979/1981","","","images/נאומבורג מזל ואהוד.jpg"
